-- phpMyAdmin SQL Dump
-- version 5.2.2
-- https://www.phpmyadmin.net/
--
-- Host: 127.0.0.1:3306
-- Generation Time: May 25, 2026 at 10:17 AM
-- Server version: 11.8.6-MariaDB-log
-- PHP Version: 7.2.34

SET SQL_MODE = "NO_AUTO_VALUE_ON_ZERO";
START TRANSACTION;
SET time_zone = "+00:00";


/*!40101 SET @OLD_CHARACTER_SET_CLIENT=@@CHARACTER_SET_CLIENT */;
/*!40101 SET @OLD_CHARACTER_SET_RESULTS=@@CHARACTER_SET_RESULTS */;
/*!40101 SET @OLD_COLLATION_CONNECTION=@@COLLATION_CONNECTION */;
/*!40101 SET NAMES utf8mb4 */;

--
-- Database: `u748421121_employee`
--

-- --------------------------------------------------------

--
-- Table structure for table `advances`
--

CREATE TABLE `advances` (
  `id` int(10) UNSIGNED NOT NULL,
  `employee_id` int(10) UNSIGNED NOT NULL,
  `amount` decimal(10,2) NOT NULL,
  `reason` text DEFAULT NULL,
  `date` date NOT NULL,
  `created_at` timestamp NULL DEFAULT NULL
) ENGINE=InnoDB DEFAULT CHARSET=utf8mb4 COLLATE=utf8mb4_general_ci;

-- --------------------------------------------------------

--
-- Table structure for table `advance_overtime_fine`
--

CREATE TABLE `advance_overtime_fine` (
  `id` int(10) UNSIGNED NOT NULL,
  `employee_id` int(10) UNSIGNED NOT NULL,
  `date` date NOT NULL,
  `type` enum('advance','advance_paid','fine','overtime','deduction') NOT NULL,
  `amount` decimal(10,2) NOT NULL DEFAULT 0.00,
  `repay_months` tinyint(1) UNSIGNED NOT NULL DEFAULT 1,
  `notes` text DEFAULT NULL,
  `created_at` timestamp NULL DEFAULT NULL
) ENGINE=InnoDB DEFAULT CHARSET=utf8mb4 COLLATE=utf8mb4_general_ci;

--
-- Dumping data for table `advance_overtime_fine`
--

INSERT INTO `advance_overtime_fine` (`id`, `employee_id`, `date`, `type`, `amount`, `repay_months`, `notes`, `created_at`) VALUES
(1, 6, '2026-02-08', 'advance', 270.00, 1, 'online payment saman ka', '2026-02-08 10:33:18'),
(5, 10, '2026-02-14', 'advance', 1000.00, 1, 'cash', '2026-02-15 06:24:37'),
(6, 4, '2026-02-13', 'advance', 2000.00, 1, 'cash', '2026-02-15 06:25:24'),
(7, 14, '2026-02-15', 'advance', 233.00, 1, 'online saman', '2026-02-15 06:27:08'),
(8, 8, '2026-02-16', 'advance', 1000.00, 1, 'cash', '2026-02-16 16:38:45'),
(9, 12, '2024-09-27', 'advance', 10000.00, 1, '', '2026-02-19 17:21:06'),
(10, 12, '2024-09-30', 'advance', 15000.00, 1, '', '2026-02-19 17:21:49'),
(11, 12, '2024-10-19', 'advance', 10000.00, 1, '', '2026-02-19 17:22:27'),
(28, 4, '2026-02-01', 'advance_paid', 2000.00, 1, 'payroll_id:65', '2026-03-01 11:42:04'),
(29, 6, '2026-02-01', 'advance_paid', 270.00, 1, 'payroll_id:67', '2026-03-01 11:47:14'),
(30, 10, '2026-02-01', 'advance_paid', 1000.00, 1, 'payroll_id:71', '2026-03-01 11:51:32'),
(32, 11, '2026-03-07', 'deduction', 350.00, 1, 'horlicks online order payment by admin', '2026-03-08 15:16:51'),
(36, 2, '2026-03-16', 'deduction', 1000.00, 1, 'cash ', '2026-03-16 18:23:23'),
(37, 6, '2026-03-16', 'deduction', 500.00, 1, 'cash', '2026-03-16 22:17:57'),
(39, 7, '2026-03-30', 'deduction', 1000.00, 1, 'advance ', '2026-03-30 21:49:36'),
(41, 2, '2026-04-02', 'advance', 4000.00, 1, 'cash', '2026-04-02 09:14:26'),
(42, 12, '2026-04-02', 'advance_paid', 5000.00, 1, 'cash', '2026-04-02 09:27:26'),
(43, 15, '2026-04-04', 'advance', 240.00, 1, 'chise sandwich hai 4 pic parcel ', '2026-04-04 20:44:02'),
(44, 12, '2026-04-10', 'deduction', 100.00, 1, 'peti khuli chod diye the', '2026-04-10 10:29:36'),
(45, 10, '2026-04-11', 'deduction', 1000.00, 1, 'advance ', '2026-04-11 22:31:06'),
(46, 9, '2026-04-25', 'deduction', 2100.00, 1, 'sachin ko paneer sandwich parcel di thi Bina information ke', '2026-04-25 10:33:34'),
(47, 9, '2026-04-25', 'deduction', 500.00, 1, 'cash', '2026-04-25 22:23:46'),
(49, 4, '2026-04-30', 'advance', 1500.00, 1, 'cash', '2026-04-30 00:35:03'),
(50, 4, '2026-04-01', 'advance_paid', 1500.00, 1, 'payroll_id:150', '2026-05-01 16:29:09'),
(51, 8, '2026-04-01', 'advance_paid', 1000.00, 1, 'payroll_id:154', '2026-05-01 16:54:06'),
(52, 14, '2026-04-01', 'advance_paid', 233.00, 1, 'payroll_id:158', '2026-05-01 17:01:01'),
(53, 15, '2026-04-01', 'advance_paid', 240.00, 1, 'payroll_id:162', '2026-05-01 17:03:51'),
(54, 12, '2026-05-01', 'advance_paid', 5000.00, 1, 'cash', '2026-05-01 21:46:57'),
(55, 4, '2026-05-14', 'deduction', 3000.00, 1, 'cash ', '2026-05-14 17:31:20'),
(56, 6, '2026-05-18', 'deduction', 300.00, 1, 'cash ', '2026-05-18 23:01:18'),
(57, 11, '2026-05-18', 'deduction', 1000.00, 1, 'cash ', '2026-05-18 23:02:00'),
(58, 15, '2026-05-18', 'deduction', 500.00, 1, 'cash ', '2026-05-18 23:02:12'),
(59, 14, '2026-05-20', 'deduction', 70.00, 1, 'cold drink ka baki tha', '2026-05-20 16:34:15'),
(60, 6, '2026-05-18', 'deduction', 60.00, 1, 'icecream ka baki hai', '2026-05-20 16:34:56');

-- --------------------------------------------------------

--
-- Table structure for table `attendance`
--

CREATE TABLE `attendance` (
  `id` int(10) UNSIGNED NOT NULL,
  `employee_id` int(10) UNSIGNED NOT NULL,
  `date` date NOT NULL,
  `status` enum('present','absent','half_day','holiday') NOT NULL,
  `source` enum('manual','weekend_rule') NOT NULL DEFAULT 'manual',
  `check_in` time DEFAULT NULL,
  `check_out` time DEFAULT NULL,
  `created_at` timestamp NULL DEFAULT NULL
) ENGINE=InnoDB DEFAULT CHARSET=utf8mb4 COLLATE=utf8mb4_general_ci;

--
-- Dumping data for table `attendance`
--

INSERT INTO `attendance` (`id`, `employee_id`, `date`, `status`, `source`, `check_in`, `check_out`, `created_at`) VALUES
(1, 2, '2026-02-08', 'present', 'manual', NULL, NULL, '2026-02-08 10:14:54'),
(3, 4, '2026-02-08', 'present', 'manual', NULL, NULL, '2026-02-08 10:14:54'),
(4, 5, '2026-02-08', 'present', 'manual', NULL, NULL, '2026-02-08 10:14:54'),
(5, 6, '2026-02-08', 'present', 'manual', NULL, NULL, '2026-02-08 10:14:55'),
(6, 7, '2026-02-08', 'present', 'manual', NULL, NULL, '2026-02-08 10:14:55'),
(7, 8, '2026-02-08', 'present', 'manual', NULL, NULL, '2026-02-08 10:14:55'),
(8, 9, '2026-02-08', 'present', 'manual', NULL, NULL, '2026-02-08 10:14:55'),
(9, 10, '2026-02-08', 'present', 'manual', NULL, NULL, '2026-02-08 10:14:55'),
(10, 11, '2026-02-08', 'present', 'manual', NULL, NULL, '2026-02-08 10:14:55'),
(11, 12, '2026-02-08', 'present', 'manual', NULL, NULL, '2026-02-08 10:14:55'),
(13, 14, '2026-02-08', 'present', 'manual', NULL, NULL, '2026-02-08 10:14:55'),
(14, 15, '2026-02-08', 'present', 'manual', NULL, NULL, '2026-02-08 10:14:56'),
(15, 16, '2026-02-08', 'present', 'manual', NULL, NULL, '2026-02-08 10:14:56'),
(16, 17, '2026-02-08', 'present', 'manual', NULL, NULL, '2026-02-08 10:14:56'),
(17, 18, '2026-02-08', 'present', 'manual', NULL, NULL, '2026-02-08 10:14:56'),
(18, 2, '2026-02-07', 'present', 'manual', NULL, NULL, '2026-02-08 10:25:03'),
(20, 4, '2026-02-07', 'present', 'manual', NULL, NULL, '2026-02-08 10:25:04'),
(21, 5, '2026-02-07', 'present', 'manual', NULL, NULL, '2026-02-08 10:25:04'),
(22, 6, '2026-02-07', 'present', 'manual', NULL, NULL, '2026-02-08 10:25:04'),
(23, 7, '2026-02-07', 'present', 'manual', NULL, NULL, '2026-02-08 10:25:04'),
(24, 8, '2026-02-07', 'present', 'manual', NULL, NULL, '2026-02-08 10:25:04'),
(25, 9, '2026-02-07', 'present', 'manual', NULL, NULL, '2026-02-08 10:25:04'),
(26, 10, '2026-02-07', 'present', 'manual', NULL, NULL, '2026-02-08 10:25:05'),
(27, 11, '2026-02-07', 'present', 'manual', NULL, NULL, '2026-02-08 10:25:05'),
(28, 12, '2026-02-07', 'present', 'manual', NULL, NULL, '2026-02-08 10:25:05'),
(30, 14, '2026-02-07', 'present', 'manual', NULL, NULL, '2026-02-08 10:25:05'),
(31, 15, '2026-02-07', 'present', 'manual', NULL, NULL, '2026-02-08 10:25:05'),
(32, 16, '2026-02-07', 'present', 'manual', NULL, NULL, '2026-02-08 10:25:06'),
(33, 17, '2026-02-07', 'present', 'manual', NULL, NULL, '2026-02-08 10:25:06'),
(34, 18, '2026-02-07', 'present', 'manual', NULL, NULL, '2026-02-08 10:25:06'),
(35, 2, '2026-02-06', 'present', 'manual', NULL, NULL, '2026-02-08 10:28:53'),
(37, 4, '2026-02-06', 'present', 'manual', NULL, NULL, '2026-02-08 10:28:54'),
(38, 5, '2026-02-06', 'absent', 'manual', NULL, NULL, '2026-02-08 10:28:54'),
(39, 6, '2026-02-06', 'present', 'manual', NULL, NULL, '2026-02-08 10:28:54'),
(40, 7, '2026-02-06', 'present', 'manual', NULL, NULL, '2026-02-08 10:28:54'),
(41, 8, '2026-02-06', 'present', 'manual', NULL, NULL, '2026-02-08 10:28:54'),
(42, 9, '2026-02-06', 'present', 'manual', NULL, NULL, '2026-02-08 10:28:54'),
(43, 10, '2026-02-06', 'present', 'manual', NULL, NULL, '2026-02-08 10:28:54'),
(44, 11, '2026-02-06', 'present', 'manual', NULL, NULL, '2026-02-08 10:28:55'),
(45, 12, '2026-02-06', 'present', 'manual', NULL, NULL, '2026-02-08 10:28:55'),
(47, 14, '2026-02-06', 'present', 'manual', NULL, NULL, '2026-02-08 10:28:55'),
(48, 15, '2026-02-06', 'present', 'manual', NULL, NULL, '2026-02-08 10:28:55'),
(49, 16, '2026-02-06', 'present', 'manual', NULL, NULL, '2026-02-08 10:28:55'),
(50, 17, '2026-02-06', 'present', 'manual', NULL, NULL, '2026-02-08 10:28:55'),
(51, 18, '2026-02-06', 'present', 'manual', NULL, NULL, '2026-02-08 10:28:55'),
(52, 2, '2026-02-05', 'present', 'manual', NULL, NULL, '2026-02-08 10:29:01'),
(54, 4, '2026-02-05', 'present', 'manual', NULL, NULL, '2026-02-08 10:29:01'),
(55, 5, '2026-02-05', 'present', 'manual', NULL, NULL, '2026-02-08 10:29:01'),
(56, 6, '2026-02-05', 'present', 'manual', NULL, NULL, '2026-02-08 10:29:01'),
(57, 7, '2026-02-05', 'present', 'manual', NULL, NULL, '2026-02-08 10:29:01'),
(58, 8, '2026-02-05', 'present', 'manual', NULL, NULL, '2026-02-08 10:29:02'),
(59, 9, '2026-02-05', 'present', 'manual', NULL, NULL, '2026-02-08 10:29:02'),
(60, 10, '2026-02-05', 'present', 'manual', NULL, NULL, '2026-02-08 10:29:02'),
(61, 11, '2026-02-05', 'present', 'manual', NULL, NULL, '2026-02-08 10:29:02'),
(62, 12, '2026-02-05', 'present', 'manual', NULL, NULL, '2026-02-08 10:29:02'),
(64, 14, '2026-02-05', 'present', 'manual', NULL, NULL, '2026-02-08 10:29:02'),
(65, 15, '2026-02-05', 'present', 'manual', NULL, NULL, '2026-02-08 10:29:02'),
(66, 16, '2026-02-05', 'present', 'manual', NULL, NULL, '2026-02-08 10:29:02'),
(67, 17, '2026-02-05', 'present', 'manual', NULL, NULL, '2026-02-08 10:29:02'),
(68, 18, '2026-02-05', 'present', 'manual', NULL, NULL, '2026-02-08 10:29:03'),
(69, 2, '2026-02-04', 'present', 'manual', NULL, NULL, '2026-02-08 10:29:07'),
(71, 4, '2026-02-04', 'present', 'manual', NULL, NULL, '2026-02-08 10:29:07'),
(72, 5, '2026-02-04', 'present', 'manual', NULL, NULL, '2026-02-08 10:29:08'),
(73, 6, '2026-02-04', 'present', 'manual', NULL, NULL, '2026-02-08 10:29:08'),
(74, 7, '2026-02-04', 'present', 'manual', NULL, NULL, '2026-02-08 10:29:08'),
(75, 8, '2026-02-04', 'present', 'manual', NULL, NULL, '2026-02-08 10:29:08'),
(76, 9, '2026-02-04', 'present', 'manual', NULL, NULL, '2026-02-08 10:29:08'),
(77, 10, '2026-02-04', 'present', 'manual', NULL, NULL, '2026-02-08 10:29:08'),
(78, 11, '2026-02-04', 'present', 'manual', NULL, NULL, '2026-02-08 10:29:08'),
(79, 12, '2026-02-04', 'present', 'manual', NULL, NULL, '2026-02-08 10:29:08'),
(81, 14, '2026-02-04', 'present', 'manual', NULL, NULL, '2026-02-08 10:29:09'),
(82, 15, '2026-02-04', 'present', 'manual', NULL, NULL, '2026-02-08 10:29:09'),
(83, 16, '2026-02-04', 'present', 'manual', NULL, NULL, '2026-02-08 10:29:09'),
(84, 17, '2026-02-04', 'present', 'manual', NULL, NULL, '2026-02-08 10:29:09'),
(85, 18, '2026-02-04', 'present', 'manual', NULL, NULL, '2026-02-08 10:29:09'),
(86, 2, '2026-02-02', 'present', 'manual', NULL, NULL, '2026-02-08 10:29:36'),
(88, 4, '2026-02-02', 'present', 'manual', NULL, NULL, '2026-02-08 10:29:36'),
(89, 5, '2026-02-02', 'present', 'manual', NULL, NULL, '2026-02-08 10:29:36'),
(90, 6, '2026-02-02', 'present', 'manual', NULL, NULL, '2026-02-08 10:29:36'),
(91, 7, '2026-02-02', 'present', 'manual', NULL, NULL, '2026-02-08 10:29:36'),
(92, 8, '2026-02-02', 'present', 'manual', NULL, NULL, '2026-02-08 10:29:36'),
(93, 9, '2026-02-02', 'present', 'manual', NULL, NULL, '2026-02-08 10:29:37'),
(94, 10, '2026-02-02', 'present', 'manual', NULL, NULL, '2026-02-08 10:29:37'),
(95, 11, '2026-02-02', 'present', 'manual', NULL, NULL, '2026-02-08 10:29:37'),
(96, 12, '2026-02-02', 'present', 'manual', NULL, NULL, '2026-02-08 10:29:37'),
(98, 14, '2026-02-02', 'present', 'manual', NULL, NULL, '2026-02-08 10:29:37'),
(99, 15, '2026-02-02', 'present', 'manual', NULL, NULL, '2026-02-08 10:29:38'),
(100, 16, '2026-02-02', 'present', 'manual', NULL, NULL, '2026-02-08 10:29:38'),
(101, 17, '2026-02-02', 'present', 'manual', NULL, NULL, '2026-02-08 10:29:38'),
(102, 18, '2026-02-02', 'present', 'manual', NULL, NULL, '2026-02-08 10:29:38'),
(103, 2, '2026-02-01', 'present', 'manual', NULL, NULL, '2026-02-08 10:29:43'),
(105, 4, '2026-02-01', 'present', 'manual', NULL, NULL, '2026-02-08 10:29:43'),
(106, 5, '2026-02-01', 'present', 'manual', NULL, NULL, '2026-02-08 10:29:43'),
(107, 6, '2026-02-01', 'present', 'manual', NULL, NULL, '2026-02-08 10:29:43'),
(108, 7, '2026-02-01', 'present', 'manual', NULL, NULL, '2026-02-08 10:29:43'),
(109, 8, '2026-02-01', 'present', 'manual', NULL, NULL, '2026-02-08 10:29:44'),
(110, 9, '2026-02-01', 'present', 'manual', NULL, NULL, '2026-02-08 10:29:44'),
(111, 10, '2026-02-01', 'present', 'manual', NULL, NULL, '2026-02-08 10:29:44'),
(112, 11, '2026-02-01', 'present', 'manual', NULL, NULL, '2026-02-08 10:29:44'),
(113, 12, '2026-02-01', 'present', 'manual', NULL, NULL, '2026-02-08 10:29:44'),
(115, 14, '2026-02-01', 'present', 'manual', NULL, NULL, '2026-02-08 10:29:44'),
(116, 15, '2026-02-01', 'present', 'manual', NULL, NULL, '2026-02-08 10:29:44'),
(117, 16, '2026-02-01', 'present', 'manual', NULL, NULL, '2026-02-08 10:29:44'),
(118, 17, '2026-02-01', 'present', 'manual', NULL, NULL, '2026-02-08 10:29:45'),
(119, 18, '2026-02-01', 'present', 'manual', NULL, NULL, '2026-02-08 10:29:45'),
(120, 2, '2026-02-09', 'present', 'manual', NULL, NULL, '2026-02-09 07:33:31'),
(122, 4, '2026-02-09', 'present', 'manual', NULL, NULL, '2026-02-09 07:33:31'),
(123, 5, '2026-02-09', 'present', 'manual', NULL, NULL, '2026-02-09 07:33:32'),
(124, 6, '2026-02-09', 'present', 'manual', NULL, NULL, '2026-02-09 07:33:32'),
(125, 7, '2026-02-09', 'present', 'manual', NULL, NULL, '2026-02-09 07:33:32'),
(126, 8, '2026-02-09', 'present', 'manual', NULL, NULL, '2026-02-09 07:33:32'),
(127, 9, '2026-02-09', 'present', 'manual', NULL, NULL, '2026-02-09 07:33:32'),
(128, 10, '2026-02-09', 'present', 'manual', NULL, NULL, '2026-02-09 07:33:32'),
(129, 11, '2026-02-09', 'present', 'manual', NULL, NULL, '2026-02-09 07:33:32'),
(130, 12, '2026-02-09', 'present', 'manual', NULL, NULL, '2026-02-09 07:33:32'),
(132, 14, '2026-02-09', 'present', 'manual', NULL, NULL, '2026-02-09 07:33:33'),
(133, 15, '2026-02-09', 'present', 'manual', NULL, NULL, '2026-02-09 07:33:33'),
(134, 16, '2026-02-09', 'present', 'manual', NULL, NULL, '2026-02-09 07:33:33'),
(135, 17, '2026-02-09', 'present', 'manual', NULL, NULL, '2026-02-09 07:33:33'),
(136, 18, '2026-02-09', 'present', 'manual', NULL, NULL, '2026-02-09 07:33:33'),
(137, 2, '2026-02-10', 'holiday', 'manual', NULL, NULL, '2026-02-11 03:07:11'),
(139, 4, '2026-02-10', 'holiday', 'manual', NULL, NULL, '2026-02-11 03:07:12'),
(140, 5, '2026-02-10', 'holiday', 'manual', NULL, NULL, '2026-02-11 03:07:12'),
(141, 6, '2026-02-10', 'holiday', 'manual', NULL, NULL, '2026-02-11 03:07:12'),
(142, 7, '2026-02-10', 'holiday', 'manual', NULL, NULL, '2026-02-11 03:07:12'),
(143, 8, '2026-02-10', 'holiday', 'manual', NULL, NULL, '2026-02-11 03:07:13'),
(144, 9, '2026-02-10', 'holiday', 'manual', NULL, NULL, '2026-02-11 03:07:13'),
(145, 10, '2026-02-10', 'holiday', 'manual', NULL, NULL, '2026-02-11 03:07:13'),
(146, 11, '2026-02-10', 'holiday', 'manual', NULL, NULL, '2026-02-11 03:07:13'),
(147, 12, '2026-02-10', 'holiday', 'manual', NULL, NULL, '2026-02-11 03:07:14'),
(149, 14, '2026-02-10', 'holiday', 'manual', NULL, NULL, '2026-02-11 03:07:14'),
(150, 15, '2026-02-10', 'holiday', 'manual', NULL, NULL, '2026-02-11 03:07:15'),
(151, 16, '2026-02-10', 'holiday', 'manual', NULL, NULL, '2026-02-11 03:07:15'),
(152, 17, '2026-02-10', 'holiday', 'manual', NULL, NULL, '2026-02-11 03:07:15'),
(153, 18, '2026-02-10', 'holiday', 'manual', NULL, NULL, '2026-02-11 03:07:15'),
(154, 2, '2026-02-11', 'present', 'manual', NULL, NULL, '2026-02-11 04:12:00'),
(156, 4, '2026-02-11', 'present', 'manual', NULL, NULL, '2026-02-11 04:12:01'),
(157, 5, '2026-02-11', 'present', 'manual', NULL, NULL, '2026-02-11 04:12:01'),
(158, 6, '2026-02-11', 'present', 'manual', NULL, NULL, '2026-02-11 04:12:02'),
(159, 7, '2026-02-11', 'present', 'manual', NULL, NULL, '2026-02-11 04:12:03'),
(160, 8, '2026-02-11', 'present', 'manual', NULL, NULL, '2026-02-11 04:12:03'),
(161, 9, '2026-02-11', 'present', 'manual', NULL, NULL, '2026-02-11 04:12:04'),
(162, 10, '2026-02-11', 'present', 'manual', NULL, NULL, '2026-02-11 04:12:05'),
(163, 11, '2026-02-11', 'present', 'manual', NULL, NULL, '2026-02-11 04:12:05'),
(164, 12, '2026-02-11', 'present', 'manual', NULL, NULL, '2026-02-11 04:12:06'),
(166, 14, '2026-02-11', 'present', 'manual', NULL, NULL, '2026-02-11 04:12:07'),
(167, 15, '2026-02-11', 'present', 'manual', NULL, NULL, '2026-02-11 04:12:07'),
(168, 16, '2026-02-11', 'present', 'manual', NULL, NULL, '2026-02-11 04:12:09'),
(169, 17, '2026-02-11', 'present', 'manual', NULL, NULL, '2026-02-11 04:12:09'),
(170, 18, '2026-02-11', 'present', 'manual', NULL, NULL, '2026-02-11 04:12:10'),
(171, 2, '2026-02-03', 'holiday', 'manual', NULL, NULL, '2026-02-11 04:13:36'),
(173, 4, '2026-02-03', 'holiday', 'manual', NULL, NULL, '2026-02-11 04:13:36'),
(174, 5, '2026-02-03', 'holiday', 'manual', NULL, NULL, '2026-02-11 04:13:37'),
(175, 6, '2026-02-03', 'holiday', 'manual', NULL, NULL, '2026-02-11 04:13:37'),
(176, 7, '2026-02-03', 'holiday', 'manual', NULL, NULL, '2026-02-11 04:13:38'),
(177, 8, '2026-02-03', 'holiday', 'manual', NULL, NULL, '2026-02-11 04:13:38'),
(178, 9, '2026-02-03', 'holiday', 'manual', NULL, NULL, '2026-02-11 04:13:39'),
(179, 10, '2026-02-03', 'holiday', 'manual', NULL, NULL, '2026-02-11 04:13:39'),
(180, 11, '2026-02-03', 'holiday', 'manual', NULL, NULL, '2026-02-11 04:13:39'),
(181, 12, '2026-02-03', 'holiday', 'manual', NULL, NULL, '2026-02-11 04:13:40'),
(183, 14, '2026-02-03', 'holiday', 'manual', NULL, NULL, '2026-02-11 04:13:41'),
(184, 15, '2026-02-03', 'holiday', 'manual', NULL, NULL, '2026-02-11 04:13:41'),
(185, 16, '2026-02-03', 'holiday', 'manual', NULL, NULL, '2026-02-11 04:13:41'),
(186, 17, '2026-02-03', 'holiday', 'manual', NULL, NULL, '2026-02-11 04:13:42'),
(187, 18, '2026-02-03', 'holiday', 'manual', NULL, NULL, '2026-02-11 04:13:42'),
(188, 2, '2026-02-12', 'present', 'manual', NULL, NULL, '2026-02-12 03:49:16'),
(190, 4, '2026-02-12', 'present', 'manual', NULL, NULL, '2026-02-12 03:49:16'),
(191, 5, '2026-02-12', 'present', 'manual', NULL, NULL, '2026-02-12 03:49:17'),
(192, 6, '2026-02-12', 'present', 'manual', NULL, NULL, '2026-02-12 03:49:17'),
(193, 7, '2026-02-12', 'present', 'manual', NULL, NULL, '2026-02-12 03:49:17'),
(194, 8, '2026-02-12', 'present', 'manual', NULL, NULL, '2026-02-12 03:49:17'),
(195, 9, '2026-02-12', 'present', 'manual', NULL, NULL, '2026-02-12 03:49:18'),
(196, 10, '2026-02-12', 'present', 'manual', NULL, NULL, '2026-02-12 03:49:18'),
(197, 11, '2026-02-12', 'present', 'manual', NULL, NULL, '2026-02-12 03:49:18'),
(198, 12, '2026-02-12', 'present', 'manual', NULL, NULL, '2026-02-12 03:49:18'),
(200, 14, '2026-02-12', 'present', 'manual', NULL, NULL, '2026-02-12 03:49:19'),
(201, 15, '2026-02-12', 'present', 'manual', NULL, NULL, '2026-02-12 03:49:19'),
(202, 16, '2026-02-12', 'present', 'manual', NULL, NULL, '2026-02-12 03:49:19'),
(203, 17, '2026-02-12', 'present', 'manual', NULL, NULL, '2026-02-12 03:49:20'),
(204, 18, '2026-02-12', 'present', 'manual', NULL, NULL, '2026-02-12 03:49:20'),
(205, 2, '2026-02-13', 'present', 'manual', NULL, NULL, '2026-02-13 04:43:30'),
(207, 4, '2026-02-13', 'present', 'manual', NULL, NULL, '2026-02-13 04:43:30'),
(208, 5, '2026-02-13', 'present', 'manual', NULL, NULL, '2026-02-13 04:43:30'),
(209, 6, '2026-02-13', 'present', 'manual', NULL, NULL, '2026-02-13 04:43:30'),
(210, 7, '2026-02-13', 'present', 'manual', NULL, NULL, '2026-02-13 04:43:31'),
(211, 8, '2026-02-13', 'present', 'manual', NULL, NULL, '2026-02-13 04:43:31'),
(212, 9, '2026-02-13', 'present', 'manual', NULL, NULL, '2026-02-13 04:43:31'),
(213, 10, '2026-02-13', 'present', 'manual', NULL, NULL, '2026-02-13 04:43:31'),
(214, 11, '2026-02-13', 'present', 'manual', NULL, NULL, '2026-02-13 04:43:31'),
(215, 12, '2026-02-13', 'present', 'manual', NULL, NULL, '2026-02-13 04:43:31'),
(217, 14, '2026-02-13', 'present', 'manual', NULL, NULL, '2026-02-13 04:43:32'),
(218, 15, '2026-02-13', 'present', 'manual', NULL, NULL, '2026-02-13 04:43:32'),
(219, 16, '2026-02-13', 'present', 'manual', NULL, NULL, '2026-02-13 04:43:32'),
(220, 17, '2026-02-13', 'present', 'manual', NULL, NULL, '2026-02-13 04:43:32'),
(221, 18, '2026-02-13', 'present', 'manual', NULL, NULL, '2026-02-13 04:43:32'),
(222, 2, '2026-02-15', 'present', 'manual', NULL, NULL, '2026-02-15 04:36:21'),
(224, 4, '2026-02-15', 'present', 'manual', NULL, NULL, '2026-02-15 04:36:21'),
(225, 5, '2026-02-15', 'present', 'manual', NULL, NULL, '2026-02-15 04:36:22'),
(226, 6, '2026-02-15', 'present', 'manual', NULL, NULL, '2026-02-15 04:36:22'),
(227, 7, '2026-02-15', 'present', 'manual', NULL, NULL, '2026-02-15 04:36:22'),
(228, 8, '2026-02-15', 'present', 'manual', NULL, NULL, '2026-02-15 04:36:23'),
(229, 9, '2026-02-15', 'present', 'manual', NULL, NULL, '2026-02-15 04:36:23'),
(230, 10, '2026-02-15', 'present', 'manual', NULL, NULL, '2026-02-15 04:36:23'),
(231, 11, '2026-02-15', 'present', 'manual', NULL, NULL, '2026-02-15 04:36:24'),
(232, 12, '2026-02-15', 'present', 'manual', NULL, NULL, '2026-02-15 04:36:24'),
(234, 14, '2026-02-15', 'present', 'manual', NULL, NULL, '2026-02-15 04:36:24'),
(235, 15, '2026-02-15', 'present', 'manual', NULL, NULL, '2026-02-15 04:36:25'),
(236, 16, '2026-02-15', 'present', 'manual', NULL, NULL, '2026-02-15 04:36:25'),
(237, 17, '2026-02-15', 'present', 'manual', NULL, NULL, '2026-02-15 04:36:25'),
(238, 18, '2026-02-15', 'present', 'manual', NULL, NULL, '2026-02-15 04:36:26'),
(239, 2, '2026-02-14', 'present', 'manual', NULL, NULL, '2026-02-15 04:36:30'),
(241, 4, '2026-02-14', 'present', 'manual', NULL, NULL, '2026-02-15 04:36:31'),
(242, 5, '2026-02-14', 'present', 'manual', NULL, NULL, '2026-02-15 04:36:31'),
(243, 6, '2026-02-14', 'present', 'manual', NULL, NULL, '2026-02-15 04:36:32'),
(244, 7, '2026-02-14', 'present', 'manual', NULL, NULL, '2026-02-15 04:36:32'),
(245, 8, '2026-02-14', 'present', 'manual', NULL, NULL, '2026-02-15 04:36:32'),
(246, 9, '2026-02-14', 'present', 'manual', NULL, NULL, '2026-02-15 04:36:32'),
(247, 10, '2026-02-14', 'present', 'manual', NULL, NULL, '2026-02-15 04:36:33'),
(248, 11, '2026-02-14', 'present', 'manual', NULL, NULL, '2026-02-15 04:36:33'),
(249, 12, '2026-02-14', 'present', 'manual', NULL, NULL, '2026-02-15 04:36:33'),
(251, 14, '2026-02-14', 'present', 'manual', NULL, NULL, '2026-02-15 04:36:34'),
(252, 15, '2026-02-14', 'present', 'manual', NULL, NULL, '2026-02-15 04:36:34'),
(253, 16, '2026-02-14', 'present', 'manual', NULL, NULL, '2026-02-15 04:36:34'),
(254, 17, '2026-02-14', 'present', 'manual', NULL, NULL, '2026-02-15 04:36:34'),
(255, 18, '2026-02-14', 'present', 'manual', NULL, NULL, '2026-02-15 04:36:35'),
(256, 2, '2026-02-16', 'present', 'manual', NULL, NULL, '2026-02-16 08:28:41'),
(258, 4, '2026-02-16', 'present', 'manual', NULL, NULL, '2026-02-16 08:28:41'),
(259, 5, '2026-02-16', 'present', 'manual', NULL, NULL, '2026-02-16 08:28:42'),
(260, 6, '2026-02-16', 'present', 'manual', NULL, NULL, '2026-02-16 08:28:42'),
(261, 7, '2026-02-16', 'present', 'manual', NULL, NULL, '2026-02-16 08:28:42'),
(262, 8, '2026-02-16', 'present', 'manual', NULL, NULL, '2026-02-16 08:28:42'),
(263, 9, '2026-02-16', 'present', 'manual', NULL, NULL, '2026-02-16 08:28:43'),
(264, 10, '2026-02-16', 'present', 'manual', NULL, NULL, '2026-02-16 08:28:43'),
(265, 11, '2026-02-16', 'present', 'manual', NULL, NULL, '2026-02-16 08:28:43'),
(266, 12, '2026-02-16', 'present', 'manual', NULL, NULL, '2026-02-16 08:28:44'),
(268, 14, '2026-02-16', 'present', 'manual', NULL, NULL, '2026-02-16 08:28:45'),
(269, 15, '2026-02-16', 'present', 'manual', NULL, NULL, '2026-02-16 08:28:46'),
(270, 16, '2026-02-16', 'present', 'manual', NULL, NULL, '2026-02-16 08:28:46'),
(271, 17, '2026-02-16', 'present', 'manual', NULL, NULL, '2026-02-16 08:28:46'),
(272, 18, '2026-02-16', 'present', 'manual', NULL, NULL, '2026-02-16 08:28:46'),
(275, 12, '2026-02-18', 'absent', 'manual', NULL, NULL, '2026-02-18 09:58:26'),
(277, 2, '2026-02-18', 'present', 'manual', NULL, NULL, '2026-02-18 12:23:36'),
(279, 4, '2026-02-18', 'present', 'manual', NULL, NULL, '2026-02-18 12:23:36'),
(280, 5, '2026-02-18', 'present', 'manual', NULL, NULL, '2026-02-18 12:23:37'),
(281, 6, '2026-02-18', 'present', 'manual', NULL, NULL, '2026-02-18 12:23:37'),
(282, 7, '2026-02-18', 'present', 'manual', NULL, NULL, '2026-02-18 12:23:37'),
(283, 8, '2026-02-18', 'present', 'manual', NULL, NULL, '2026-02-18 12:23:37'),
(284, 9, '2026-02-18', 'present', 'manual', NULL, NULL, '2026-02-18 12:23:37'),
(285, 10, '2026-02-18', 'present', 'manual', NULL, NULL, '2026-02-18 12:23:37'),
(286, 11, '2026-02-18', 'present', 'manual', NULL, NULL, '2026-02-18 12:23:38'),
(288, 14, '2026-02-18', 'present', 'manual', NULL, NULL, '2026-02-18 12:23:38'),
(289, 15, '2026-02-18', 'present', 'manual', NULL, NULL, '2026-02-18 12:23:38'),
(290, 16, '2026-02-18', 'present', 'manual', NULL, NULL, '2026-02-18 12:23:39'),
(291, 17, '2026-02-18', 'present', 'manual', NULL, NULL, '2026-02-18 12:23:39'),
(292, 18, '2026-02-18', 'present', 'manual', NULL, NULL, '2026-02-18 12:23:39'),
(293, 12, '2026-02-17', 'absent', 'weekend_rule', NULL, NULL, '2026-02-18 12:23:55'),
(294, 2, '2026-02-19', 'present', 'manual', NULL, NULL, '2026-02-19 17:12:30'),
(296, 4, '2026-02-19', 'present', 'manual', NULL, NULL, '2026-02-19 17:12:31'),
(297, 5, '2026-02-19', 'present', 'manual', NULL, NULL, '2026-02-19 17:12:31'),
(298, 6, '2026-02-19', 'present', 'manual', NULL, NULL, '2026-02-19 17:12:31'),
(299, 7, '2026-02-19', 'present', 'manual', NULL, NULL, '2026-02-19 17:12:31'),
(300, 8, '2026-02-19', 'present', 'manual', NULL, NULL, '2026-02-19 17:12:31'),
(301, 9, '2026-02-19', 'present', 'manual', NULL, NULL, '2026-02-19 17:12:31'),
(302, 10, '2026-02-19', 'present', 'manual', NULL, NULL, '2026-02-19 17:12:31'),
(303, 11, '2026-02-19', 'present', 'manual', NULL, NULL, '2026-02-19 17:12:31'),
(304, 12, '2026-02-19', 'absent', 'manual', NULL, NULL, '2026-02-19 17:12:31'),
(306, 14, '2026-02-19', 'present', 'manual', NULL, NULL, '2026-02-19 17:12:32'),
(307, 15, '2026-02-19', 'present', 'manual', NULL, NULL, '2026-02-19 17:12:32'),
(308, 16, '2026-02-19', 'present', 'manual', NULL, NULL, '2026-02-19 17:12:32'),
(309, 17, '2026-02-19', 'present', 'manual', NULL, NULL, '2026-02-19 17:12:32'),
(310, 18, '2026-02-19', 'present', 'manual', NULL, NULL, '2026-02-19 17:12:32'),
(311, 2, '2026-02-20', 'present', 'manual', NULL, NULL, '2026-02-21 04:00:03'),
(313, 4, '2026-02-20', 'present', 'manual', NULL, NULL, '2026-02-21 04:00:04'),
(314, 5, '2026-02-20', 'present', 'manual', NULL, NULL, '2026-02-21 04:00:04'),
(315, 6, '2026-02-20', 'present', 'manual', NULL, NULL, '2026-02-21 04:00:04'),
(316, 7, '2026-02-20', 'present', 'manual', NULL, NULL, '2026-02-21 04:00:05'),
(317, 8, '2026-02-20', 'present', 'manual', NULL, NULL, '2026-02-21 04:00:05'),
(318, 9, '2026-02-20', 'present', 'manual', NULL, NULL, '2026-02-21 04:00:05'),
(319, 10, '2026-02-20', 'present', 'manual', NULL, NULL, '2026-02-21 04:00:06'),
(320, 11, '2026-02-20', 'present', 'manual', NULL, NULL, '2026-02-21 04:00:06'),
(321, 12, '2026-02-20', 'absent', 'manual', NULL, NULL, '2026-02-21 04:00:06'),
(323, 14, '2026-02-20', 'present', 'manual', NULL, NULL, '2026-02-21 04:00:07'),
(324, 15, '2026-02-20', 'present', 'manual', NULL, NULL, '2026-02-21 04:00:07'),
(325, 16, '2026-02-20', 'present', 'manual', NULL, NULL, '2026-02-21 04:00:07'),
(326, 17, '2026-02-20', 'present', 'manual', NULL, NULL, '2026-02-21 04:00:08'),
(327, 18, '2026-02-20', 'present', 'manual', NULL, NULL, '2026-02-21 04:00:08'),
(328, 2, '2026-02-21', 'present', 'manual', NULL, NULL, '2026-02-21 04:00:38'),
(330, 4, '2026-02-21', 'present', 'manual', NULL, NULL, '2026-02-21 04:00:38'),
(331, 5, '2026-02-21', 'present', 'manual', NULL, NULL, '2026-02-21 04:00:39'),
(332, 6, '2026-02-21', 'present', 'manual', NULL, NULL, '2026-02-21 04:00:39'),
(333, 7, '2026-02-21', 'present', 'manual', NULL, NULL, '2026-02-21 04:00:39'),
(334, 8, '2026-02-21', 'present', 'manual', NULL, NULL, '2026-02-21 04:00:39'),
(335, 9, '2026-02-21', 'present', 'manual', NULL, NULL, '2026-02-21 04:00:40'),
(336, 10, '2026-02-21', 'present', 'manual', NULL, NULL, '2026-02-21 04:00:40'),
(337, 11, '2026-02-21', 'present', 'manual', NULL, NULL, '2026-02-21 04:00:40'),
(338, 12, '2026-02-21', 'absent', 'manual', NULL, NULL, '2026-02-21 04:00:41'),
(340, 14, '2026-02-21', 'present', 'manual', NULL, NULL, '2026-02-21 04:00:41'),
(341, 15, '2026-02-21', 'present', 'manual', NULL, NULL, '2026-02-21 04:00:41'),
(342, 16, '2026-02-21', 'present', 'manual', NULL, NULL, '2026-02-21 04:00:42'),
(343, 17, '2026-02-21', 'present', 'manual', NULL, NULL, '2026-02-21 04:00:42'),
(344, 18, '2026-02-21', 'present', 'manual', NULL, NULL, '2026-02-21 04:00:42'),
(345, 2, '2026-02-22', 'present', 'manual', NULL, NULL, '2026-02-22 10:08:59'),
(347, 4, '2026-02-22', 'present', 'manual', NULL, NULL, '2026-02-22 10:09:00'),
(348, 5, '2026-02-22', 'present', 'manual', NULL, NULL, '2026-02-22 10:09:00'),
(349, 6, '2026-02-22', 'present', 'manual', NULL, NULL, '2026-02-22 10:09:01'),
(350, 7, '2026-02-22', 'present', 'manual', NULL, NULL, '2026-02-22 10:09:01'),
(351, 8, '2026-02-22', 'present', 'manual', NULL, NULL, '2026-02-22 10:09:01'),
(352, 9, '2026-02-22', 'present', 'manual', NULL, NULL, '2026-02-22 10:09:02'),
(353, 10, '2026-02-22', 'present', 'manual', NULL, NULL, '2026-02-22 10:09:02'),
(354, 11, '2026-02-22', 'present', 'manual', NULL, NULL, '2026-02-22 10:09:02'),
(355, 12, '2026-02-22', 'present', 'manual', NULL, NULL, '2026-02-22 10:09:03'),
(357, 14, '2026-02-22', 'present', 'manual', NULL, NULL, '2026-02-22 10:09:03'),
(358, 15, '2026-02-22', 'present', 'manual', NULL, NULL, '2026-02-22 10:09:04'),
(359, 16, '2026-02-22', 'present', 'manual', NULL, NULL, '2026-02-22 10:09:04'),
(360, 17, '2026-02-22', 'present', 'manual', NULL, NULL, '2026-02-22 10:09:04'),
(361, 18, '2026-02-22', 'present', 'manual', NULL, NULL, '2026-02-22 10:09:05'),
(362, 2, '2026-02-23', 'present', 'manual', NULL, NULL, '2026-02-23 19:27:22'),
(364, 4, '2026-02-23', 'present', 'manual', NULL, NULL, '2026-02-23 19:27:23'),
(365, 5, '2026-02-23', 'present', 'manual', NULL, NULL, '2026-02-23 19:27:23'),
(366, 6, '2026-02-23', 'present', 'manual', NULL, NULL, '2026-02-23 19:27:24'),
(367, 7, '2026-02-23', 'present', 'manual', NULL, NULL, '2026-02-23 19:27:24'),
(368, 8, '2026-02-23', 'present', 'manual', NULL, NULL, '2026-02-23 19:27:24'),
(369, 9, '2026-02-23', 'present', 'manual', NULL, NULL, '2026-02-23 19:27:24'),
(370, 10, '2026-02-23', 'present', 'manual', NULL, NULL, '2026-02-23 19:27:25'),
(371, 11, '2026-02-23', 'present', 'manual', NULL, NULL, '2026-02-23 19:27:25'),
(372, 12, '2026-02-23', 'present', 'manual', NULL, NULL, '2026-02-23 19:27:25'),
(374, 14, '2026-02-23', 'present', 'manual', NULL, NULL, '2026-02-23 19:27:26'),
(375, 15, '2026-02-23', 'present', 'manual', NULL, NULL, '2026-02-23 19:27:26'),
(376, 16, '2026-02-23', 'present', 'manual', NULL, NULL, '2026-02-23 19:27:27'),
(377, 17, '2026-02-23', 'present', 'manual', NULL, NULL, '2026-02-23 19:27:27'),
(378, 18, '2026-02-23', 'present', 'manual', NULL, NULL, '2026-02-23 19:27:27'),
(390, 2, '2026-02-25', 'present', 'manual', NULL, NULL, '2026-02-25 11:03:02'),
(393, 4, '2026-02-25', 'present', 'manual', NULL, NULL, '2026-02-25 11:03:02'),
(394, 5, '2026-02-25', 'present', 'manual', NULL, NULL, '2026-02-25 11:03:02'),
(395, 6, '2026-02-25', 'present', 'manual', NULL, NULL, '2026-02-25 11:03:02'),
(396, 7, '2026-02-25', 'present', 'manual', NULL, NULL, '2026-02-25 11:03:02'),
(397, 8, '2026-02-25', 'present', 'manual', NULL, NULL, '2026-02-25 11:03:03'),
(398, 9, '2026-02-25', 'present', 'manual', NULL, NULL, '2026-02-25 11:03:03'),
(399, 10, '2026-02-25', 'present', 'manual', NULL, NULL, '2026-02-25 11:03:03'),
(400, 11, '2026-02-25', 'present', 'manual', NULL, NULL, '2026-02-25 11:03:03'),
(401, 12, '2026-02-25', 'present', 'manual', NULL, NULL, '2026-02-25 11:03:03'),
(402, 12, '2026-02-24', 'absent', 'weekend_rule', NULL, NULL, '2026-02-25 11:03:03'),
(404, 14, '2026-02-25', 'present', 'manual', NULL, NULL, '2026-02-25 11:03:03'),
(405, 15, '2026-02-25', 'present', 'manual', NULL, NULL, '2026-02-25 11:03:04'),
(406, 16, '2026-02-25', 'present', 'manual', NULL, NULL, '2026-02-25 11:03:04'),
(407, 17, '2026-02-25', 'present', 'manual', NULL, NULL, '2026-02-25 11:03:04'),
(408, 18, '2026-02-25', 'present', 'manual', NULL, NULL, '2026-02-25 11:03:04'),
(409, 2, '2026-02-27', 'present', 'manual', NULL, NULL, '2026-02-27 22:11:37'),
(411, 4, '2026-02-27', 'present', 'manual', NULL, NULL, '2026-02-27 22:11:37'),
(412, 5, '2026-02-27', 'present', 'manual', NULL, NULL, '2026-02-27 22:11:38'),
(413, 6, '2026-02-27', 'present', 'manual', NULL, NULL, '2026-02-27 22:11:39'),
(414, 7, '2026-02-27', 'present', 'manual', NULL, NULL, '2026-02-27 22:11:39'),
(415, 8, '2026-02-27', 'present', 'manual', NULL, NULL, '2026-02-27 22:11:39'),
(416, 9, '2026-02-27', 'present', 'manual', NULL, NULL, '2026-02-27 22:11:40'),
(417, 10, '2026-02-27', 'present', 'manual', NULL, NULL, '2026-02-27 22:11:40'),
(418, 11, '2026-02-27', 'present', 'manual', NULL, NULL, '2026-02-27 22:11:40'),
(419, 12, '2026-02-27', 'present', 'manual', NULL, NULL, '2026-02-27 22:11:41'),
(421, 14, '2026-02-27', 'present', 'manual', NULL, NULL, '2026-02-27 22:11:41'),
(422, 15, '2026-02-27', 'present', 'manual', NULL, NULL, '2026-02-27 22:11:42'),
(423, 16, '2026-02-27', 'present', 'manual', NULL, NULL, '2026-02-27 22:11:42'),
(424, 17, '2026-02-27', 'present', 'manual', NULL, NULL, '2026-02-27 22:11:42'),
(425, 18, '2026-02-27', 'present', 'manual', NULL, NULL, '2026-02-27 22:11:43'),
(427, 2, '2026-02-26', 'present', 'manual', NULL, NULL, '2026-02-27 22:13:00'),
(429, 4, '2026-02-26', 'present', 'manual', NULL, NULL, '2026-02-27 22:13:01'),
(430, 5, '2026-02-26', 'present', 'manual', NULL, NULL, '2026-02-27 22:13:01'),
(431, 6, '2026-02-26', 'present', 'manual', NULL, NULL, '2026-02-27 22:13:02'),
(432, 7, '2026-02-26', 'present', 'manual', NULL, NULL, '2026-02-27 22:13:02'),
(433, 8, '2026-02-26', 'present', 'manual', NULL, NULL, '2026-02-27 22:13:02'),
(434, 9, '2026-02-26', 'present', 'manual', NULL, NULL, '2026-02-27 22:13:03'),
(435, 10, '2026-02-26', 'present', 'manual', NULL, NULL, '2026-02-27 22:13:03'),
(436, 11, '2026-02-26', 'present', 'manual', NULL, NULL, '2026-02-27 22:13:03'),
(437, 12, '2026-02-26', 'absent', 'manual', NULL, NULL, '2026-02-27 22:13:04'),
(439, 14, '2026-02-26', 'present', 'manual', NULL, NULL, '2026-02-27 22:13:04'),
(440, 15, '2026-02-26', 'present', 'manual', NULL, NULL, '2026-02-27 22:13:05'),
(441, 16, '2026-02-26', 'present', 'manual', NULL, NULL, '2026-02-27 22:13:05'),
(442, 17, '2026-02-26', 'present', 'manual', NULL, NULL, '2026-02-27 22:13:05'),
(443, 18, '2026-02-26', 'present', 'manual', NULL, NULL, '2026-02-27 22:13:06'),
(445, 2, '2026-02-28', 'present', 'manual', NULL, NULL, '2026-03-01 10:57:12'),
(447, 4, '2026-02-28', 'present', 'manual', NULL, NULL, '2026-03-01 10:57:12'),
(448, 5, '2026-02-28', 'present', 'manual', NULL, NULL, '2026-03-01 10:57:12'),
(449, 6, '2026-02-28', 'present', 'manual', NULL, NULL, '2026-03-01 10:57:12'),
(450, 7, '2026-02-28', 'present', 'manual', NULL, NULL, '2026-03-01 10:57:12'),
(451, 8, '2026-02-28', 'present', 'manual', NULL, NULL, '2026-03-01 10:57:12'),
(452, 9, '2026-02-28', 'present', 'manual', NULL, NULL, '2026-03-01 10:57:12'),
(453, 10, '2026-02-28', 'present', 'manual', NULL, NULL, '2026-03-01 10:57:12'),
(454, 11, '2026-02-28', 'present', 'manual', NULL, NULL, '2026-03-01 10:57:13'),
(455, 12, '2026-02-28', 'present', 'manual', NULL, NULL, '2026-03-01 10:57:13'),
(457, 14, '2026-02-28', 'present', 'manual', NULL, NULL, '2026-03-01 10:57:13'),
(458, 15, '2026-02-28', 'present', 'manual', NULL, NULL, '2026-03-01 10:57:13'),
(459, 16, '2026-02-28', 'present', 'manual', NULL, NULL, '2026-03-01 10:57:13'),
(460, 17, '2026-02-28', 'present', 'manual', NULL, NULL, '2026-03-01 10:57:14'),
(461, 18, '2026-02-28', 'present', 'manual', NULL, NULL, '2026-03-01 10:57:14'),
(463, 2, '2026-03-02', 'present', 'manual', NULL, NULL, '2026-03-02 14:11:58'),
(465, 4, '2026-03-02', 'present', 'manual', NULL, NULL, '2026-03-02 14:11:58'),
(466, 5, '2026-03-02', 'present', 'manual', NULL, NULL, '2026-03-02 14:11:59'),
(467, 6, '2026-03-02', 'present', 'manual', NULL, NULL, '2026-03-02 14:11:59'),
(468, 7, '2026-03-02', 'present', 'manual', NULL, NULL, '2026-03-02 14:11:59'),
(469, 8, '2026-03-02', 'present', 'manual', NULL, NULL, '2026-03-02 14:12:00'),
(470, 9, '2026-03-02', 'present', 'manual', NULL, NULL, '2026-03-02 14:12:00'),
(471, 10, '2026-03-02', 'present', 'manual', NULL, NULL, '2026-03-02 14:12:00'),
(472, 11, '2026-03-02', 'present', 'manual', NULL, NULL, '2026-03-02 14:12:01'),
(473, 12, '2026-03-02', 'present', 'manual', NULL, NULL, '2026-03-02 14:12:01'),
(475, 14, '2026-03-02', 'present', 'manual', NULL, NULL, '2026-03-02 14:12:02'),
(476, 15, '2026-03-02', 'present', 'manual', NULL, NULL, '2026-03-02 14:12:02'),
(477, 16, '2026-03-02', 'present', 'manual', NULL, NULL, '2026-03-02 14:12:02'),
(478, 17, '2026-03-02', 'present', 'manual', NULL, NULL, '2026-03-02 14:12:02'),
(479, 18, '2026-03-02', 'present', 'manual', NULL, NULL, '2026-03-02 14:12:03'),
(481, 2, '2026-03-01', 'present', 'manual', NULL, NULL, '2026-03-02 16:45:06'),
(483, 4, '2026-03-01', 'present', 'manual', NULL, NULL, '2026-03-02 16:45:07'),
(484, 5, '2026-03-01', 'present', 'manual', NULL, NULL, '2026-03-02 16:45:07'),
(485, 6, '2026-03-01', 'present', 'manual', NULL, NULL, '2026-03-02 16:45:07'),
(486, 7, '2026-03-01', 'present', 'manual', NULL, NULL, '2026-03-02 16:45:08'),
(487, 8, '2026-03-01', 'present', 'manual', NULL, NULL, '2026-03-02 16:45:08'),
(488, 9, '2026-03-01', 'present', 'manual', NULL, NULL, '2026-03-02 16:45:08'),
(489, 10, '2026-03-01', 'present', 'manual', NULL, NULL, '2026-03-02 16:45:08'),
(490, 11, '2026-03-01', 'present', 'manual', NULL, NULL, '2026-03-02 16:45:09'),
(491, 12, '2026-03-01', 'present', 'manual', NULL, NULL, '2026-03-02 16:45:09'),
(493, 14, '2026-03-01', 'present', 'manual', NULL, NULL, '2026-03-02 16:45:09'),
(494, 15, '2026-03-01', 'present', 'manual', NULL, NULL, '2026-03-02 16:45:10'),
(495, 16, '2026-03-01', 'present', 'manual', NULL, NULL, '2026-03-02 16:45:10'),
(496, 17, '2026-03-01', 'present', 'manual', NULL, NULL, '2026-03-02 16:45:10'),
(497, 18, '2026-03-01', 'present', 'manual', NULL, NULL, '2026-03-02 16:45:11'),
(499, 2, '2026-03-06', 'present', 'manual', NULL, NULL, '2026-03-06 22:17:26'),
(501, 4, '2026-03-06', 'present', 'manual', NULL, NULL, '2026-03-06 22:17:26'),
(502, 5, '2026-03-06', 'present', 'manual', NULL, NULL, '2026-03-06 22:17:26'),
(503, 6, '2026-03-06', 'present', 'manual', NULL, NULL, '2026-03-06 22:17:27'),
(504, 7, '2026-03-06', 'present', 'manual', NULL, NULL, '2026-03-06 22:17:27'),
(505, 8, '2026-03-06', 'present', 'manual', NULL, NULL, '2026-03-06 22:17:27'),
(506, 9, '2026-03-06', 'present', 'manual', NULL, NULL, '2026-03-06 22:17:28'),
(507, 10, '2026-03-06', 'absent', 'manual', NULL, NULL, '2026-03-06 22:17:28'),
(508, 11, '2026-03-06', 'present', 'manual', NULL, NULL, '2026-03-06 22:17:28'),
(509, 12, '2026-03-06', 'present', 'manual', NULL, NULL, '2026-03-06 22:17:29'),
(511, 14, '2026-03-06', 'present', 'manual', NULL, NULL, '2026-03-06 22:17:29'),
(512, 15, '2026-03-06', 'present', 'manual', NULL, NULL, '2026-03-06 22:17:29'),
(513, 16, '2026-03-06', 'present', 'manual', NULL, NULL, '2026-03-06 22:17:30'),
(514, 17, '2026-03-06', 'present', 'manual', NULL, NULL, '2026-03-06 22:17:30'),
(515, 18, '2026-03-06', 'present', 'manual', NULL, NULL, '2026-03-06 22:17:30'),
(517, 2, '2026-03-05', 'present', 'manual', NULL, NULL, '2026-03-06 22:17:48'),
(519, 4, '2026-03-05', 'present', 'manual', NULL, NULL, '2026-03-06 22:17:49'),
(520, 5, '2026-03-05', 'present', 'manual', NULL, NULL, '2026-03-06 22:17:49'),
(521, 6, '2026-03-05', 'present', 'manual', NULL, NULL, '2026-03-06 22:17:50'),
(522, 7, '2026-03-05', 'present', 'manual', NULL, NULL, '2026-03-06 22:17:50'),
(523, 8, '2026-03-05', 'present', 'manual', NULL, NULL, '2026-03-06 22:17:50'),
(524, 9, '2026-03-05', 'present', 'manual', NULL, NULL, '2026-03-06 22:17:51'),
(525, 10, '2026-03-05', 'present', 'manual', NULL, NULL, '2026-03-06 22:17:51'),
(526, 11, '2026-03-05', 'present', 'manual', NULL, NULL, '2026-03-06 22:17:51'),
(527, 12, '2026-03-05', 'present', 'manual', NULL, NULL, '2026-03-06 22:17:52'),
(529, 14, '2026-03-05', 'present', 'manual', NULL, NULL, '2026-03-06 22:17:52'),
(530, 15, '2026-03-05', 'present', 'manual', NULL, NULL, '2026-03-06 22:17:52'),
(531, 16, '2026-03-05', 'present', 'manual', NULL, NULL, '2026-03-06 22:17:53'),
(532, 17, '2026-03-05', 'present', 'manual', NULL, NULL, '2026-03-06 22:17:53'),
(533, 18, '2026-03-05', 'present', 'manual', NULL, NULL, '2026-03-06 22:17:53'),
(535, 2, '2026-03-04', 'present', 'manual', NULL, NULL, '2026-03-06 22:18:22'),
(537, 4, '2026-03-04', 'present', 'manual', NULL, NULL, '2026-03-06 22:18:23'),
(538, 5, '2026-03-04', 'present', 'manual', NULL, NULL, '2026-03-06 22:18:23'),
(539, 6, '2026-03-04', 'present', 'manual', NULL, NULL, '2026-03-06 22:18:24'),
(540, 7, '2026-03-04', 'present', 'manual', NULL, NULL, '2026-03-06 22:18:24'),
(541, 8, '2026-03-04', 'present', 'manual', NULL, NULL, '2026-03-06 22:18:24'),
(542, 9, '2026-03-04', 'present', 'manual', NULL, NULL, '2026-03-06 22:18:24'),
(543, 10, '2026-03-04', 'present', 'manual', NULL, NULL, '2026-03-06 22:18:25'),
(544, 11, '2026-03-04', 'present', 'manual', NULL, NULL, '2026-03-06 22:18:25'),
(545, 12, '2026-03-04', 'present', 'manual', NULL, NULL, '2026-03-06 22:18:25'),
(547, 14, '2026-03-04', 'present', 'manual', NULL, NULL, '2026-03-06 22:18:26'),
(548, 15, '2026-03-04', 'present', 'manual', NULL, NULL, '2026-03-06 22:18:26'),
(549, 16, '2026-03-04', 'present', 'manual', NULL, NULL, '2026-03-06 22:18:27'),
(550, 17, '2026-03-04', 'present', 'manual', NULL, NULL, '2026-03-06 22:18:27'),
(551, 18, '2026-03-04', 'present', 'manual', NULL, NULL, '2026-03-06 22:18:28'),
(553, 2, '2026-03-07', 'present', 'manual', NULL, NULL, '2026-03-07 13:07:13'),
(555, 4, '2026-03-07', 'present', 'manual', NULL, NULL, '2026-03-07 13:07:17'),
(556, 5, '2026-03-07', 'present', 'manual', NULL, NULL, '2026-03-07 13:07:17'),
(557, 6, '2026-03-07', 'present', 'manual', NULL, NULL, '2026-03-07 13:07:17'),
(558, 7, '2026-03-07', 'present', 'manual', NULL, NULL, '2026-03-07 13:07:18'),
(559, 8, '2026-03-07', 'present', 'manual', NULL, NULL, '2026-03-07 13:07:18'),
(560, 9, '2026-03-07', 'present', 'manual', NULL, NULL, '2026-03-07 13:07:18'),
(561, 10, '2026-03-07', 'present', 'manual', NULL, NULL, '2026-03-07 13:07:19'),
(562, 11, '2026-03-07', 'present', 'manual', NULL, NULL, '2026-03-07 13:07:19'),
(563, 12, '2026-03-07', 'present', 'manual', NULL, NULL, '2026-03-07 13:07:19'),
(565, 14, '2026-03-07', 'present', 'manual', NULL, NULL, '2026-03-07 13:07:20'),
(566, 15, '2026-03-07', 'present', 'manual', NULL, NULL, '2026-03-07 13:07:21'),
(567, 16, '2026-03-07', 'present', 'manual', NULL, NULL, '2026-03-07 13:07:21'),
(568, 17, '2026-03-07', 'present', 'manual', NULL, NULL, '2026-03-07 13:07:21'),
(569, 18, '2026-03-07', 'present', 'manual', NULL, NULL, '2026-03-07 13:07:22'),
(571, 2, '2026-03-08', 'present', 'manual', NULL, NULL, '2026-03-08 15:12:37'),
(573, 4, '2026-03-08', 'present', 'manual', NULL, NULL, '2026-03-08 15:12:38'),
(574, 5, '2026-03-08', 'present', 'manual', NULL, NULL, '2026-03-08 15:12:38'),
(575, 6, '2026-03-08', 'present', 'manual', NULL, NULL, '2026-03-08 15:12:39'),
(576, 7, '2026-03-08', 'present', 'manual', NULL, NULL, '2026-03-08 15:12:39'),
(577, 8, '2026-03-08', 'present', 'manual', NULL, NULL, '2026-03-08 15:12:39'),
(578, 9, '2026-03-08', 'present', 'manual', NULL, NULL, '2026-03-08 15:12:40'),
(579, 10, '2026-03-08', 'present', 'manual', NULL, NULL, '2026-03-08 15:12:40'),
(580, 11, '2026-03-08', 'present', 'manual', NULL, NULL, '2026-03-08 15:12:40'),
(581, 12, '2026-03-08', 'present', 'manual', NULL, NULL, '2026-03-08 15:12:41'),
(583, 14, '2026-03-08', 'present', 'manual', NULL, NULL, '2026-03-08 15:12:41'),
(584, 15, '2026-03-08', 'present', 'manual', NULL, NULL, '2026-03-08 15:12:42'),
(585, 16, '2026-03-08', 'present', 'manual', NULL, NULL, '2026-03-08 15:12:42'),
(586, 17, '2026-03-08', 'present', 'manual', NULL, NULL, '2026-03-08 15:12:43'),
(587, 18, '2026-03-08', 'present', 'manual', NULL, NULL, '2026-03-08 15:12:43'),
(589, 2, '2026-03-12', 'present', 'manual', NULL, NULL, '2026-03-12 13:01:35'),
(591, 4, '2026-03-12', 'present', 'manual', NULL, NULL, '2026-03-12 13:01:36'),
(592, 5, '2026-03-12', 'present', 'manual', NULL, NULL, '2026-03-12 13:01:36'),
(593, 6, '2026-03-12', 'present', 'manual', NULL, NULL, '2026-03-12 13:01:37'),
(594, 7, '2026-03-12', 'present', 'manual', NULL, NULL, '2026-03-12 13:01:37'),
(595, 8, '2026-03-12', 'present', 'manual', NULL, NULL, '2026-03-12 13:01:37'),
(596, 9, '2026-03-12', 'present', 'manual', NULL, NULL, '2026-03-12 13:01:38'),
(597, 10, '2026-03-12', 'present', 'manual', NULL, NULL, '2026-03-12 13:01:38'),
(598, 11, '2026-03-12', 'present', 'manual', NULL, NULL, '2026-03-12 13:01:38'),
(599, 12, '2026-03-12', 'present', 'manual', NULL, NULL, '2026-03-12 13:01:39'),
(601, 14, '2026-03-12', 'present', 'manual', NULL, NULL, '2026-03-12 13:01:39'),
(602, 15, '2026-03-12', 'present', 'manual', NULL, NULL, '2026-03-12 13:01:40'),
(603, 16, '2026-03-12', 'present', 'manual', NULL, NULL, '2026-03-12 13:01:40'),
(604, 17, '2026-03-12', 'present', 'manual', NULL, NULL, '2026-03-12 13:01:40'),
(605, 18, '2026-03-12', 'present', 'manual', NULL, NULL, '2026-03-12 13:01:41'),
(607, 2, '2026-03-11', 'present', 'manual', NULL, NULL, '2026-03-12 13:01:45'),
(609, 4, '2026-03-11', 'present', 'manual', NULL, NULL, '2026-03-12 13:01:46'),
(610, 5, '2026-03-11', 'present', 'manual', NULL, NULL, '2026-03-12 13:01:46'),
(611, 6, '2026-03-11', 'present', 'manual', NULL, NULL, '2026-03-12 13:01:47'),
(612, 7, '2026-03-11', 'present', 'manual', NULL, NULL, '2026-03-12 13:01:47'),
(613, 8, '2026-03-11', 'present', 'manual', NULL, NULL, '2026-03-12 13:01:47'),
(614, 9, '2026-03-11', 'present', 'manual', NULL, NULL, '2026-03-12 13:01:48'),
(615, 10, '2026-03-11', 'present', 'manual', NULL, NULL, '2026-03-12 13:01:48'),
(616, 11, '2026-03-11', 'present', 'manual', NULL, NULL, '2026-03-12 13:01:48'),
(617, 12, '2026-03-11', 'present', 'manual', NULL, NULL, '2026-03-12 13:01:49'),
(619, 14, '2026-03-11', 'present', 'manual', NULL, NULL, '2026-03-12 13:01:50'),
(620, 15, '2026-03-11', 'present', 'manual', NULL, NULL, '2026-03-12 13:01:50'),
(621, 16, '2026-03-11', 'present', 'manual', NULL, NULL, '2026-03-12 13:01:51'),
(622, 17, '2026-03-11', 'present', 'manual', NULL, NULL, '2026-03-12 13:01:51'),
(623, 18, '2026-03-11', 'present', 'manual', NULL, NULL, '2026-03-12 13:01:52'),
(625, 2, '2026-03-09', 'present', 'manual', NULL, NULL, '2026-03-12 13:02:19'),
(627, 4, '2026-03-09', 'present', 'manual', NULL, NULL, '2026-03-12 13:02:20'),
(628, 5, '2026-03-09', 'present', 'manual', NULL, NULL, '2026-03-12 13:02:20'),
(629, 6, '2026-03-09', 'present', 'manual', NULL, NULL, '2026-03-12 13:02:21'),
(630, 7, '2026-03-09', 'present', 'manual', NULL, NULL, '2026-03-12 13:02:21'),
(631, 8, '2026-03-09', 'present', 'manual', NULL, NULL, '2026-03-12 13:02:22'),
(632, 9, '2026-03-09', 'present', 'manual', NULL, NULL, '2026-03-12 13:02:22'),
(633, 10, '2026-03-09', 'present', 'manual', NULL, NULL, '2026-03-12 13:02:22'),
(634, 11, '2026-03-09', 'present', 'manual', NULL, NULL, '2026-03-12 13:02:23'),
(635, 12, '2026-03-09', 'present', 'manual', NULL, NULL, '2026-03-12 13:02:23'),
(637, 14, '2026-03-09', 'present', 'manual', NULL, NULL, '2026-03-12 13:02:24'),
(638, 15, '2026-03-09', 'present', 'manual', NULL, NULL, '2026-03-12 13:02:24'),
(639, 16, '2026-03-09', 'present', 'manual', NULL, NULL, '2026-03-12 13:02:25'),
(640, 17, '2026-03-09', 'present', 'manual', NULL, NULL, '2026-03-12 13:02:25'),
(641, 18, '2026-03-09', 'present', 'manual', NULL, NULL, '2026-03-12 13:02:25'),
(643, 2, '2026-03-13', 'present', 'manual', NULL, NULL, '2026-03-13 19:22:42'),
(645, 4, '2026-03-13', 'present', 'manual', NULL, NULL, '2026-03-13 19:22:42'),
(646, 5, '2026-03-13', 'present', 'manual', NULL, NULL, '2026-03-13 19:22:42'),
(647, 6, '2026-03-13', 'present', 'manual', NULL, NULL, '2026-03-13 19:22:42'),
(648, 7, '2026-03-13', 'present', 'manual', NULL, NULL, '2026-03-13 19:22:42'),
(649, 8, '2026-03-13', 'present', 'manual', NULL, NULL, '2026-03-13 19:22:42'),
(650, 9, '2026-03-13', 'present', 'manual', NULL, NULL, '2026-03-13 19:22:42'),
(651, 10, '2026-03-13', 'present', 'manual', NULL, NULL, '2026-03-13 19:22:42'),
(652, 11, '2026-03-13', 'present', 'manual', NULL, NULL, '2026-03-13 19:22:42'),
(653, 12, '2026-03-13', 'present', 'manual', NULL, NULL, '2026-03-13 19:22:42'),
(655, 14, '2026-03-13', 'present', 'manual', NULL, NULL, '2026-03-13 19:22:42'),
(656, 15, '2026-03-13', 'present', 'manual', NULL, NULL, '2026-03-13 19:22:42'),
(657, 16, '2026-03-13', 'present', 'manual', NULL, NULL, '2026-03-13 19:22:42'),
(658, 17, '2026-03-13', 'present', 'manual', NULL, NULL, '2026-03-13 19:22:42'),
(659, 18, '2026-03-13', 'present', 'manual', NULL, NULL, '2026-03-13 19:22:42'),
(661, 2, '2026-03-15', 'present', 'manual', NULL, NULL, '2026-03-16 09:53:14'),
(663, 4, '2026-03-15', 'present', 'manual', NULL, NULL, '2026-03-16 09:53:15'),
(664, 5, '2026-03-15', 'present', 'manual', NULL, NULL, '2026-03-16 09:53:15'),
(665, 6, '2026-03-15', 'present', 'manual', NULL, NULL, '2026-03-16 09:53:15'),
(666, 7, '2026-03-15', 'present', 'manual', NULL, NULL, '2026-03-16 09:53:16'),
(667, 8, '2026-03-15', 'present', 'manual', NULL, NULL, '2026-03-16 09:53:17'),
(668, 9, '2026-03-15', 'present', 'manual', NULL, NULL, '2026-03-16 09:53:18'),
(669, 10, '2026-03-15', 'present', 'manual', NULL, NULL, '2026-03-16 09:53:18'),
(670, 11, '2026-03-15', 'present', 'manual', NULL, NULL, '2026-03-16 09:53:18'),
(671, 12, '2026-03-15', 'present', 'manual', NULL, NULL, '2026-03-16 09:53:19'),
(673, 14, '2026-03-15', 'present', 'manual', NULL, NULL, '2026-03-16 09:53:19'),
(674, 15, '2026-03-15', 'present', 'manual', NULL, NULL, '2026-03-16 09:53:28'),
(675, 16, '2026-03-15', 'present', 'manual', NULL, NULL, '2026-03-16 09:53:34'),
(676, 17, '2026-03-15', 'present', 'manual', NULL, NULL, '2026-03-16 09:53:34'),
(677, 18, '2026-03-15', 'present', 'manual', NULL, NULL, '2026-03-16 09:53:35'),
(680, 2, '2026-03-16', 'present', 'manual', NULL, NULL, '2026-03-16 09:54:19'),
(682, 4, '2026-03-16', 'present', 'manual', NULL, NULL, '2026-03-16 18:23:07'),
(683, 5, '2026-03-16', 'present', 'manual', NULL, NULL, '2026-03-16 18:23:07'),
(684, 6, '2026-03-16', 'present', 'manual', NULL, NULL, '2026-03-16 18:23:07'),
(685, 7, '2026-03-16', 'present', 'manual', NULL, NULL, '2026-03-16 18:23:07'),
(686, 8, '2026-03-16', 'present', 'manual', NULL, NULL, '2026-03-16 18:23:07'),
(687, 9, '2026-03-16', 'present', 'manual', NULL, NULL, '2026-03-16 18:23:07'),
(688, 10, '2026-03-16', 'present', 'manual', NULL, NULL, '2026-03-16 18:23:07'),
(689, 11, '2026-03-16', 'present', 'manual', NULL, NULL, '2026-03-16 18:23:07'),
(690, 12, '2026-03-16', 'present', 'manual', NULL, NULL, '2026-03-16 18:23:07'),
(692, 14, '2026-03-16', 'present', 'manual', NULL, NULL, '2026-03-16 18:23:07'),
(693, 15, '2026-03-16', 'present', 'manual', NULL, NULL, '2026-03-16 18:23:07'),
(694, 16, '2026-03-16', 'present', 'manual', NULL, NULL, '2026-03-16 18:23:07'),
(695, 17, '2026-03-16', 'present', 'manual', NULL, NULL, '2026-03-16 18:23:07'),
(696, 18, '2026-03-16', 'present', 'manual', NULL, NULL, '2026-03-16 18:23:07'),
(698, 2, '2026-03-18', 'present', 'manual', NULL, NULL, '2026-03-18 23:18:50'),
(700, 4, '2026-03-18', 'present', 'manual', NULL, NULL, '2026-03-18 23:18:51'),
(701, 5, '2026-03-18', 'present', 'manual', NULL, NULL, '2026-03-18 23:18:51'),
(702, 6, '2026-03-18', 'present', 'manual', NULL, NULL, '2026-03-18 23:18:51'),
(703, 7, '2026-03-18', 'present', 'manual', NULL, NULL, '2026-03-18 23:18:51'),
(704, 8, '2026-03-18', 'present', 'manual', NULL, NULL, '2026-03-18 23:18:52'),
(705, 9, '2026-03-18', 'present', 'manual', NULL, NULL, '2026-03-18 23:18:52'),
(706, 10, '2026-03-18', 'present', 'manual', NULL, NULL, '2026-03-18 23:18:52'),
(707, 11, '2026-03-18', 'present', 'manual', NULL, NULL, '2026-03-18 23:18:52'),
(708, 12, '2026-03-18', 'present', 'manual', NULL, NULL, '2026-03-18 23:18:53'),
(710, 14, '2026-03-18', 'present', 'manual', NULL, NULL, '2026-03-18 23:18:53'),
(711, 15, '2026-03-18', 'present', 'manual', NULL, NULL, '2026-03-18 23:18:54'),
(712, 16, '2026-03-18', 'present', 'manual', NULL, NULL, '2026-03-18 23:18:54'),
(713, 17, '2026-03-18', 'present', 'manual', NULL, NULL, '2026-03-18 23:18:54'),
(714, 18, '2026-03-18', 'present', 'manual', NULL, NULL, '2026-03-18 23:18:54'),
(716, 2, '2026-03-20', 'present', 'manual', NULL, NULL, '2026-03-20 19:00:21'),
(718, 4, '2026-03-20', 'present', 'manual', NULL, NULL, '2026-03-20 19:00:21'),
(719, 5, '2026-03-20', 'present', 'manual', NULL, NULL, '2026-03-20 19:00:22'),
(720, 6, '2026-03-20', 'present', 'manual', NULL, NULL, '2026-03-20 19:00:22'),
(721, 7, '2026-03-20', 'present', 'manual', NULL, NULL, '2026-03-20 19:00:22'),
(722, 8, '2026-03-20', 'present', 'manual', NULL, NULL, '2026-03-20 19:00:23'),
(723, 9, '2026-03-20', 'present', 'manual', NULL, NULL, '2026-03-20 19:00:23'),
(724, 10, '2026-03-20', 'present', 'manual', NULL, NULL, '2026-03-20 19:00:23'),
(725, 11, '2026-03-20', 'present', 'manual', NULL, NULL, '2026-03-20 19:00:23'),
(726, 12, '2026-03-20', 'present', 'manual', NULL, NULL, '2026-03-20 19:00:24'),
(728, 14, '2026-03-20', 'present', 'manual', NULL, NULL, '2026-03-20 19:00:25'),
(729, 15, '2026-03-20', 'present', 'manual', NULL, NULL, '2026-03-20 19:00:25'),
(730, 16, '2026-03-20', 'present', 'manual', NULL, NULL, '2026-03-20 19:00:25'),
(731, 17, '2026-03-20', 'present', 'manual', NULL, NULL, '2026-03-20 19:00:25'),
(732, 18, '2026-03-20', 'present', 'manual', NULL, NULL, '2026-03-20 19:00:26'),
(734, 2, '2026-03-19', 'present', 'manual', NULL, NULL, '2026-03-20 19:00:31'),
(736, 4, '2026-03-19', 'present', 'manual', NULL, NULL, '2026-03-20 19:00:32'),
(737, 5, '2026-03-19', 'present', 'manual', NULL, NULL, '2026-03-20 19:00:32'),
(738, 6, '2026-03-19', 'present', 'manual', NULL, NULL, '2026-03-20 19:00:32'),
(739, 7, '2026-03-19', 'present', 'manual', NULL, NULL, '2026-03-20 19:00:33'),
(740, 8, '2026-03-19', 'present', 'manual', NULL, NULL, '2026-03-20 19:00:33'),
(741, 9, '2026-03-19', 'present', 'manual', NULL, NULL, '2026-03-20 19:00:33'),
(742, 10, '2026-03-19', 'present', 'manual', NULL, NULL, '2026-03-20 19:00:33'),
(743, 11, '2026-03-19', 'present', 'manual', NULL, NULL, '2026-03-20 19:00:34'),
(744, 12, '2026-03-19', 'present', 'manual', NULL, NULL, '2026-03-20 19:00:34'),
(746, 14, '2026-03-19', 'present', 'manual', NULL, NULL, '2026-03-20 19:00:34'),
(747, 15, '2026-03-19', 'present', 'manual', NULL, NULL, '2026-03-20 19:00:35'),
(748, 16, '2026-03-19', 'present', 'manual', NULL, NULL, '2026-03-20 19:00:35'),
(749, 17, '2026-03-19', 'present', 'manual', NULL, NULL, '2026-03-20 19:00:35'),
(750, 18, '2026-03-19', 'present', 'manual', NULL, NULL, '2026-03-20 19:00:36'),
(752, 2, '2026-03-22', 'present', 'manual', NULL, NULL, '2026-03-24 22:01:59'),
(754, 4, '2026-03-22', 'present', 'manual', NULL, NULL, '2026-03-24 22:02:00'),
(755, 5, '2026-03-22', 'present', 'manual', NULL, NULL, '2026-03-24 22:02:00'),
(756, 6, '2026-03-22', 'present', 'manual', NULL, NULL, '2026-03-24 22:02:00');
INSERT INTO `attendance` (`id`, `employee_id`, `date`, `status`, `source`, `check_in`, `check_out`, `created_at`) VALUES
(757, 7, '2026-03-22', 'present', 'manual', NULL, NULL, '2026-03-24 22:02:00'),
(758, 8, '2026-03-22', 'present', 'manual', NULL, NULL, '2026-03-24 22:02:01'),
(759, 9, '2026-03-22', 'present', 'manual', NULL, NULL, '2026-03-24 22:02:01'),
(760, 10, '2026-03-22', 'present', 'manual', NULL, NULL, '2026-03-24 22:02:01'),
(761, 11, '2026-03-22', 'present', 'manual', NULL, NULL, '2026-03-24 22:02:01'),
(762, 12, '2026-03-22', 'present', 'manual', NULL, NULL, '2026-03-24 22:02:02'),
(764, 14, '2026-03-22', 'present', 'manual', NULL, NULL, '2026-03-24 22:02:02'),
(765, 15, '2026-03-22', 'present', 'manual', NULL, NULL, '2026-03-24 22:02:03'),
(766, 16, '2026-03-22', 'present', 'manual', NULL, NULL, '2026-03-24 22:02:03'),
(767, 17, '2026-03-22', 'present', 'manual', NULL, NULL, '2026-03-24 22:02:05'),
(768, 18, '2026-03-22', 'present', 'manual', NULL, NULL, '2026-03-24 22:02:06'),
(770, 2, '2026-03-21', 'absent', 'manual', NULL, NULL, '2026-03-24 22:03:03'),
(772, 4, '2026-03-21', 'present', 'manual', NULL, NULL, '2026-03-24 22:03:04'),
(773, 5, '2026-03-21', 'present', 'manual', NULL, NULL, '2026-03-24 22:03:04'),
(774, 6, '2026-03-21', 'present', 'manual', NULL, NULL, '2026-03-24 22:03:04'),
(775, 7, '2026-03-21', 'present', 'manual', NULL, NULL, '2026-03-24 22:03:05'),
(776, 8, '2026-03-21', 'present', 'manual', NULL, NULL, '2026-03-24 22:03:05'),
(777, 9, '2026-03-21', 'present', 'manual', NULL, NULL, '2026-03-24 22:03:05'),
(778, 10, '2026-03-21', 'absent', 'manual', NULL, NULL, '2026-03-24 22:03:06'),
(779, 11, '2026-03-21', 'present', 'manual', NULL, NULL, '2026-03-24 22:03:06'),
(780, 12, '2026-03-21', 'present', 'manual', NULL, NULL, '2026-03-24 22:03:06'),
(782, 14, '2026-03-21', 'present', 'manual', NULL, NULL, '2026-03-24 22:03:07'),
(783, 15, '2026-03-21', 'present', 'manual', NULL, NULL, '2026-03-24 22:03:07'),
(784, 16, '2026-03-21', 'present', 'manual', NULL, NULL, '2026-03-24 22:03:07'),
(785, 17, '2026-03-21', 'present', 'manual', NULL, NULL, '2026-03-24 22:03:08'),
(786, 18, '2026-03-21', 'present', 'manual', NULL, NULL, '2026-03-24 22:03:08'),
(788, 2, '2026-03-26', 'present', 'manual', NULL, NULL, '2026-03-26 15:23:11'),
(790, 4, '2026-03-26', 'present', 'manual', NULL, NULL, '2026-03-26 15:23:12'),
(791, 5, '2026-03-26', 'absent', 'manual', NULL, NULL, '2026-03-26 15:23:12'),
(792, 6, '2026-03-26', 'present', 'manual', NULL, NULL, '2026-03-26 15:23:12'),
(793, 7, '2026-03-26', 'present', 'manual', NULL, NULL, '2026-03-26 15:23:13'),
(794, 8, '2026-03-26', 'present', 'manual', NULL, NULL, '2026-03-26 15:23:13'),
(795, 9, '2026-03-26', 'present', 'manual', NULL, NULL, '2026-03-26 15:23:13'),
(796, 10, '2026-03-26', 'present', 'manual', NULL, NULL, '2026-03-26 15:23:13'),
(797, 11, '2026-03-26', 'present', 'manual', NULL, NULL, '2026-03-26 15:23:14'),
(798, 12, '2026-03-26', 'present', 'manual', NULL, NULL, '2026-03-26 15:23:14'),
(800, 14, '2026-03-26', 'present', 'manual', NULL, NULL, '2026-03-26 15:23:15'),
(801, 15, '2026-03-26', 'present', 'manual', NULL, NULL, '2026-03-26 15:23:15'),
(802, 16, '2026-03-26', 'present', 'manual', NULL, NULL, '2026-03-26 15:23:15'),
(803, 17, '2026-03-26', 'present', 'manual', NULL, NULL, '2026-03-26 15:23:16'),
(804, 18, '2026-03-26', 'present', 'manual', NULL, NULL, '2026-03-26 15:23:16'),
(806, 2, '2026-03-28', 'present', 'manual', NULL, NULL, '2026-03-28 10:45:03'),
(808, 4, '2026-03-28', 'present', 'manual', NULL, NULL, '2026-03-28 10:45:05'),
(809, 5, '2026-03-28', 'present', 'manual', NULL, NULL, '2026-03-28 10:45:05'),
(810, 6, '2026-03-28', 'present', 'manual', NULL, NULL, '2026-03-28 10:45:05'),
(811, 7, '2026-03-28', 'present', 'manual', NULL, NULL, '2026-03-28 10:45:06'),
(812, 8, '2026-03-28', 'present', 'manual', NULL, NULL, '2026-03-28 10:45:06'),
(813, 9, '2026-03-28', 'present', 'manual', NULL, NULL, '2026-03-28 10:45:06'),
(814, 10, '2026-03-28', 'present', 'manual', NULL, NULL, '2026-03-28 10:45:07'),
(815, 11, '2026-03-28', 'present', 'manual', NULL, NULL, '2026-03-28 10:45:07'),
(816, 12, '2026-03-28', 'present', 'manual', NULL, NULL, '2026-03-28 10:45:07'),
(818, 14, '2026-03-28', 'present', 'manual', NULL, NULL, '2026-03-28 10:45:08'),
(819, 15, '2026-03-28', 'present', 'manual', NULL, NULL, '2026-03-28 10:45:08'),
(820, 16, '2026-03-28', 'present', 'manual', NULL, NULL, '2026-03-28 10:45:08'),
(821, 17, '2026-03-28', 'present', 'manual', NULL, NULL, '2026-03-28 10:45:09'),
(822, 18, '2026-03-28', 'present', 'manual', NULL, NULL, '2026-03-28 10:45:09'),
(824, 2, '2026-03-27', 'present', 'manual', NULL, NULL, '2026-03-28 10:45:15'),
(825, 4, '2026-03-27', 'present', 'manual', NULL, NULL, '2026-03-28 10:45:15'),
(826, 5, '2026-03-27', 'present', 'manual', NULL, NULL, '2026-03-28 10:45:16'),
(827, 6, '2026-03-27', 'present', 'manual', NULL, NULL, '2026-03-28 10:45:16'),
(828, 7, '2026-03-27', 'present', 'manual', NULL, NULL, '2026-03-28 10:45:16'),
(829, 8, '2026-03-27', 'present', 'manual', NULL, NULL, '2026-03-28 10:45:17'),
(830, 9, '2026-03-27', 'present', 'manual', NULL, NULL, '2026-03-28 10:45:17'),
(831, 10, '2026-03-27', 'present', 'manual', NULL, NULL, '2026-03-28 10:45:17'),
(832, 11, '2026-03-27', 'present', 'manual', NULL, NULL, '2026-03-28 10:45:18'),
(833, 12, '2026-03-27', 'present', 'manual', NULL, NULL, '2026-03-28 10:45:18'),
(835, 14, '2026-03-27', 'present', 'manual', NULL, NULL, '2026-03-28 10:45:18'),
(836, 15, '2026-03-27', 'present', 'manual', NULL, NULL, '2026-03-28 10:45:19'),
(837, 16, '2026-03-27', 'present', 'manual', NULL, NULL, '2026-03-28 10:45:19'),
(838, 17, '2026-03-27', 'present', 'manual', NULL, NULL, '2026-03-28 10:45:19'),
(839, 18, '2026-03-27', 'present', 'manual', NULL, NULL, '2026-03-28 10:45:20'),
(841, 2, '2026-03-29', 'present', 'manual', NULL, NULL, '2026-03-29 19:45:41'),
(842, 4, '2026-03-29', 'present', 'manual', NULL, NULL, '2026-03-29 19:45:42'),
(843, 5, '2026-03-29', 'present', 'manual', NULL, NULL, '2026-03-29 19:45:42'),
(844, 6, '2026-03-29', 'present', 'manual', NULL, NULL, '2026-03-29 19:45:42'),
(845, 7, '2026-03-29', 'present', 'manual', NULL, NULL, '2026-03-29 19:45:43'),
(846, 8, '2026-03-29', 'present', 'manual', NULL, NULL, '2026-03-29 19:45:43'),
(847, 9, '2026-03-29', 'present', 'manual', NULL, NULL, '2026-03-29 19:45:43'),
(848, 10, '2026-03-29', 'absent', 'manual', NULL, NULL, '2026-03-29 19:45:43'),
(849, 11, '2026-03-29', 'present', 'manual', NULL, NULL, '2026-03-29 19:45:44'),
(850, 12, '2026-03-29', 'present', 'manual', NULL, NULL, '2026-03-29 19:45:44'),
(852, 14, '2026-03-29', 'present', 'manual', NULL, NULL, '2026-03-29 19:45:45'),
(853, 15, '2026-03-29', 'present', 'manual', NULL, NULL, '2026-03-29 19:45:45'),
(854, 16, '2026-03-29', 'present', 'manual', NULL, NULL, '2026-03-29 19:45:45'),
(855, 17, '2026-03-29', 'present', 'manual', NULL, NULL, '2026-03-29 19:45:46'),
(856, 18, '2026-03-29', 'present', 'manual', NULL, NULL, '2026-03-29 19:45:46'),
(858, 2, '2026-03-14', 'present', 'manual', NULL, NULL, '2026-04-01 10:01:38'),
(859, 4, '2026-03-14', 'present', 'manual', NULL, NULL, '2026-04-01 10:01:38'),
(860, 5, '2026-03-14', 'present', 'manual', NULL, NULL, '2026-04-01 10:01:38'),
(861, 6, '2026-03-14', 'present', 'manual', NULL, NULL, '2026-04-01 10:01:38'),
(862, 7, '2026-03-14', 'present', 'manual', NULL, NULL, '2026-04-01 10:01:38'),
(863, 8, '2026-03-14', 'present', 'manual', NULL, NULL, '2026-04-01 10:01:38'),
(864, 9, '2026-03-14', 'present', 'manual', NULL, NULL, '2026-04-01 10:01:38'),
(865, 10, '2026-03-14', 'present', 'manual', NULL, NULL, '2026-04-01 10:01:38'),
(866, 11, '2026-03-14', 'present', 'manual', NULL, NULL, '2026-04-01 10:01:38'),
(867, 12, '2026-03-14', 'present', 'manual', NULL, NULL, '2026-04-01 10:01:38'),
(869, 14, '2026-03-14', 'present', 'manual', NULL, NULL, '2026-04-01 10:01:38'),
(870, 15, '2026-03-14', 'present', 'manual', NULL, NULL, '2026-04-01 10:01:38'),
(871, 16, '2026-03-14', 'present', 'manual', NULL, NULL, '2026-04-01 10:01:38'),
(872, 17, '2026-03-14', 'present', 'manual', NULL, NULL, '2026-04-01 10:01:38'),
(873, 18, '2026-03-14', 'present', 'manual', NULL, NULL, '2026-04-01 10:01:38'),
(875, 2, '2026-03-23', 'present', 'manual', NULL, NULL, '2026-04-01 10:02:27'),
(876, 4, '2026-03-23', 'present', 'manual', NULL, NULL, '2026-04-01 10:02:27'),
(877, 5, '2026-03-23', 'present', 'manual', NULL, NULL, '2026-04-01 10:02:27'),
(878, 6, '2026-03-23', 'present', 'manual', NULL, NULL, '2026-04-01 10:02:27'),
(879, 7, '2026-03-23', 'present', 'manual', NULL, NULL, '2026-04-01 10:02:27'),
(880, 8, '2026-03-23', 'present', 'manual', NULL, NULL, '2026-04-01 10:02:27'),
(881, 9, '2026-03-23', 'present', 'manual', NULL, NULL, '2026-04-01 10:02:27'),
(882, 10, '2026-03-23', 'present', 'manual', NULL, NULL, '2026-04-01 10:02:27'),
(883, 11, '2026-03-23', 'present', 'manual', NULL, NULL, '2026-04-01 10:02:27'),
(884, 12, '2026-03-23', 'present', 'manual', NULL, NULL, '2026-04-01 10:02:27'),
(886, 14, '2026-03-23', 'present', 'manual', NULL, NULL, '2026-04-01 10:02:27'),
(887, 15, '2026-03-23', 'present', 'manual', NULL, NULL, '2026-04-01 10:02:27'),
(888, 16, '2026-03-23', 'present', 'manual', NULL, NULL, '2026-04-01 10:02:27'),
(889, 17, '2026-03-23', 'present', 'manual', NULL, NULL, '2026-04-01 10:02:27'),
(890, 18, '2026-03-23', 'present', 'manual', NULL, NULL, '2026-04-01 10:02:27'),
(892, 2, '2026-03-25', 'present', 'manual', NULL, NULL, '2026-04-01 10:02:43'),
(893, 4, '2026-03-25', 'present', 'manual', NULL, NULL, '2026-04-01 10:02:43'),
(894, 5, '2026-03-25', 'present', 'manual', NULL, NULL, '2026-04-01 10:02:43'),
(895, 6, '2026-03-25', 'present', 'manual', NULL, NULL, '2026-04-01 10:02:43'),
(896, 7, '2026-03-25', 'present', 'manual', NULL, NULL, '2026-04-01 10:02:43'),
(897, 8, '2026-03-25', 'present', 'manual', NULL, NULL, '2026-04-01 10:02:43'),
(898, 9, '2026-03-25', 'present', 'manual', NULL, NULL, '2026-04-01 10:02:43'),
(899, 10, '2026-03-25', 'present', 'manual', NULL, NULL, '2026-04-01 10:02:43'),
(900, 11, '2026-03-25', 'present', 'manual', NULL, NULL, '2026-04-01 10:02:43'),
(901, 12, '2026-03-25', 'present', 'manual', NULL, NULL, '2026-04-01 10:02:43'),
(903, 14, '2026-03-25', 'present', 'manual', NULL, NULL, '2026-04-01 10:02:43'),
(904, 15, '2026-03-25', 'present', 'manual', NULL, NULL, '2026-04-01 10:02:43'),
(905, 16, '2026-03-25', 'present', 'manual', NULL, NULL, '2026-04-01 10:02:43'),
(906, 17, '2026-03-25', 'present', 'manual', NULL, NULL, '2026-04-01 10:02:43'),
(907, 18, '2026-03-25', 'present', 'manual', NULL, NULL, '2026-04-01 10:02:43'),
(909, 2, '2026-03-30', 'present', 'manual', NULL, NULL, '2026-04-01 10:02:59'),
(910, 4, '2026-03-30', 'present', 'manual', NULL, NULL, '2026-04-01 10:02:59'),
(911, 5, '2026-03-30', 'present', 'manual', NULL, NULL, '2026-04-01 10:02:59'),
(912, 6, '2026-03-30', 'present', 'manual', NULL, NULL, '2026-04-01 10:02:59'),
(913, 7, '2026-03-30', 'present', 'manual', NULL, NULL, '2026-04-01 10:02:59'),
(914, 8, '2026-03-30', 'present', 'manual', NULL, NULL, '2026-04-01 10:02:59'),
(915, 9, '2026-03-30', 'present', 'manual', NULL, NULL, '2026-04-01 10:02:59'),
(916, 10, '2026-03-30', 'present', 'manual', NULL, NULL, '2026-04-01 10:02:59'),
(917, 11, '2026-03-30', 'present', 'manual', NULL, NULL, '2026-04-01 10:02:59'),
(918, 12, '2026-03-30', 'present', 'manual', NULL, NULL, '2026-04-01 10:02:59'),
(920, 14, '2026-03-30', 'present', 'manual', NULL, NULL, '2026-04-01 10:02:59'),
(921, 15, '2026-03-30', 'present', 'manual', NULL, NULL, '2026-04-01 10:02:59'),
(922, 16, '2026-03-30', 'present', 'manual', NULL, NULL, '2026-04-01 10:02:59'),
(923, 17, '2026-03-30', 'present', 'manual', NULL, NULL, '2026-04-01 10:02:59'),
(924, 18, '2026-03-30', 'present', 'manual', NULL, NULL, '2026-04-01 10:02:59'),
(926, 2, '2026-04-01', 'present', 'manual', NULL, NULL, '2026-04-01 20:06:26'),
(927, 4, '2026-04-01', 'present', 'manual', NULL, NULL, '2026-04-01 20:06:26'),
(928, 5, '2026-04-01', 'present', 'manual', NULL, NULL, '2026-04-01 20:06:26'),
(929, 6, '2026-04-01', 'present', 'manual', NULL, NULL, '2026-04-01 20:06:26'),
(930, 7, '2026-04-01', 'present', 'manual', NULL, NULL, '2026-04-01 20:06:26'),
(931, 8, '2026-04-01', 'present', 'manual', NULL, NULL, '2026-04-01 20:06:26'),
(932, 9, '2026-04-01', 'present', 'manual', NULL, NULL, '2026-04-01 20:06:26'),
(933, 10, '2026-04-01', 'present', 'manual', NULL, NULL, '2026-04-01 20:06:26'),
(934, 11, '2026-04-01', 'present', 'manual', NULL, NULL, '2026-04-01 20:06:26'),
(935, 12, '2026-04-01', 'present', 'manual', NULL, NULL, '2026-04-01 20:06:26'),
(937, 14, '2026-04-01', 'present', 'manual', NULL, NULL, '2026-04-01 20:06:26'),
(938, 15, '2026-04-01', 'present', 'manual', NULL, NULL, '2026-04-01 20:06:26'),
(939, 16, '2026-04-01', 'present', 'manual', NULL, NULL, '2026-04-01 20:06:26'),
(940, 17, '2026-04-01', 'present', 'manual', NULL, NULL, '2026-04-01 20:06:26'),
(941, 18, '2026-04-01', 'present', 'manual', NULL, NULL, '2026-04-01 20:06:26'),
(943, 21, '2026-03-13', 'present', 'manual', NULL, NULL, '2026-04-01 20:08:07'),
(944, 21, '2026-03-14', 'present', 'manual', NULL, NULL, '2026-04-01 20:08:09'),
(945, 21, '2026-03-15', 'present', 'manual', NULL, NULL, '2026-04-01 20:08:14'),
(946, 21, '2026-03-16', 'present', 'manual', NULL, NULL, '2026-04-01 20:08:16'),
(947, 21, '2026-03-18', 'present', 'manual', NULL, NULL, '2026-04-01 20:08:17'),
(948, 21, '2026-03-19', 'present', 'manual', NULL, NULL, '2026-04-01 20:08:19'),
(949, 21, '2026-03-20', 'present', 'manual', NULL, NULL, '2026-04-01 20:08:20'),
(950, 21, '2026-03-21', 'present', 'manual', NULL, NULL, '2026-04-01 20:08:22'),
(951, 21, '2026-03-22', 'present', 'manual', NULL, NULL, '2026-04-01 20:08:24'),
(952, 21, '2026-03-23', 'present', 'manual', NULL, NULL, '2026-04-01 20:08:26'),
(953, 21, '2026-03-25', 'present', 'manual', NULL, NULL, '2026-04-01 20:08:27'),
(954, 21, '2026-03-26', 'present', 'manual', NULL, NULL, '2026-04-01 20:08:29'),
(955, 21, '2026-03-27', 'present', 'manual', NULL, NULL, '2026-04-01 20:08:33'),
(956, 21, '2026-03-28', 'present', 'manual', NULL, NULL, '2026-04-01 20:08:35'),
(957, 21, '2026-03-29', 'present', 'manual', NULL, NULL, '2026-04-01 20:08:38'),
(958, 21, '2026-03-30', 'present', 'manual', NULL, NULL, '2026-04-01 20:08:39'),
(959, 21, '2026-04-01', 'present', 'manual', NULL, NULL, '2026-04-02 09:19:03'),
(960, 2, '2026-04-02', 'absent', 'manual', NULL, NULL, '2026-04-02 15:41:39'),
(961, 4, '2026-04-02', 'present', 'manual', NULL, NULL, '2026-04-02 15:41:39'),
(962, 5, '2026-04-02', 'present', 'manual', NULL, NULL, '2026-04-02 15:41:39'),
(963, 6, '2026-04-02', 'present', 'manual', NULL, NULL, '2026-04-02 15:41:39'),
(964, 7, '2026-04-02', 'present', 'manual', NULL, NULL, '2026-04-02 15:41:40'),
(965, 8, '2026-04-02', 'present', 'manual', NULL, NULL, '2026-04-02 15:41:40'),
(966, 9, '2026-04-02', 'present', 'manual', NULL, NULL, '2026-04-02 15:41:40'),
(967, 10, '2026-04-02', 'present', 'manual', NULL, NULL, '2026-04-02 15:41:41'),
(968, 11, '2026-04-02', 'present', 'manual', NULL, NULL, '2026-04-02 15:41:41'),
(969, 12, '2026-04-02', 'present', 'manual', NULL, NULL, '2026-04-02 15:41:41'),
(971, 14, '2026-04-02', 'present', 'manual', NULL, NULL, '2026-04-02 15:41:42'),
(972, 15, '2026-04-02', 'present', 'manual', NULL, NULL, '2026-04-02 15:41:42'),
(973, 16, '2026-04-02', 'present', 'manual', NULL, NULL, '2026-04-02 15:41:42'),
(974, 17, '2026-04-02', 'present', 'manual', NULL, NULL, '2026-04-02 15:41:43'),
(975, 18, '2026-04-02', 'present', 'manual', NULL, NULL, '2026-04-02 15:41:43'),
(977, 21, '2026-04-02', 'present', 'manual', NULL, NULL, '2026-04-02 15:41:43'),
(978, 2, '2026-04-03', 'absent', 'manual', NULL, NULL, '2026-04-03 10:43:30'),
(979, 4, '2026-04-03', 'present', 'manual', NULL, NULL, '2026-04-03 10:43:30'),
(980, 5, '2026-04-03', 'present', 'manual', NULL, NULL, '2026-04-03 10:43:30'),
(981, 6, '2026-04-03', 'present', 'manual', NULL, NULL, '2026-04-03 10:43:31'),
(982, 7, '2026-04-03', 'present', 'manual', NULL, NULL, '2026-04-03 10:43:31'),
(983, 8, '2026-04-03', 'present', 'manual', NULL, NULL, '2026-04-03 10:43:31'),
(984, 9, '2026-04-03', 'present', 'manual', NULL, NULL, '2026-04-03 10:43:31'),
(985, 10, '2026-04-03', 'present', 'manual', NULL, NULL, '2026-04-03 10:43:32'),
(986, 11, '2026-04-03', 'present', 'manual', NULL, NULL, '2026-04-03 10:43:32'),
(987, 12, '2026-04-03', 'present', 'manual', NULL, NULL, '2026-04-03 10:43:32'),
(989, 14, '2026-04-03', 'present', 'manual', NULL, NULL, '2026-04-03 10:43:33'),
(990, 15, '2026-04-03', 'present', 'manual', NULL, NULL, '2026-04-03 10:43:33'),
(991, 16, '2026-04-03', 'present', 'manual', NULL, NULL, '2026-04-03 10:43:34'),
(992, 17, '2026-04-03', 'present', 'manual', NULL, NULL, '2026-04-03 10:43:34'),
(993, 18, '2026-04-03', 'present', 'manual', NULL, NULL, '2026-04-03 10:43:34'),
(995, 21, '2026-04-03', 'present', 'manual', NULL, NULL, '2026-04-03 10:43:35'),
(996, 2, '2026-04-04', 'absent', 'manual', NULL, NULL, '2026-04-04 11:10:19'),
(997, 4, '2026-04-04', 'present', 'manual', NULL, NULL, '2026-04-04 11:10:19'),
(998, 5, '2026-04-04', 'present', 'manual', NULL, NULL, '2026-04-04 11:10:19'),
(999, 6, '2026-04-04', 'present', 'manual', NULL, NULL, '2026-04-04 11:10:20'),
(1000, 7, '2026-04-04', 'present', 'manual', NULL, NULL, '2026-04-04 11:10:20'),
(1001, 8, '2026-04-04', 'present', 'manual', NULL, NULL, '2026-04-04 11:10:20'),
(1002, 9, '2026-04-04', 'present', 'manual', NULL, NULL, '2026-04-04 11:10:21'),
(1003, 10, '2026-04-04', 'present', 'manual', NULL, NULL, '2026-04-04 11:10:21'),
(1004, 11, '2026-04-04', 'absent', 'manual', NULL, NULL, '2026-04-04 11:10:21'),
(1005, 12, '2026-04-04', 'present', 'manual', NULL, NULL, '2026-04-04 11:10:22'),
(1007, 14, '2026-04-04', 'present', 'manual', NULL, NULL, '2026-04-04 11:10:22'),
(1008, 15, '2026-04-04', 'present', 'manual', NULL, NULL, '2026-04-04 11:10:23'),
(1009, 16, '2026-04-04', 'present', 'manual', NULL, NULL, '2026-04-04 11:10:23'),
(1010, 17, '2026-04-04', 'present', 'manual', NULL, NULL, '2026-04-04 11:10:23'),
(1011, 18, '2026-04-04', 'present', 'manual', NULL, NULL, '2026-04-04 11:10:24'),
(1013, 21, '2026-04-04', 'present', 'manual', NULL, NULL, '2026-04-04 11:10:24'),
(1014, 2, '2026-04-06', 'absent', 'manual', NULL, NULL, '2026-04-06 11:02:42'),
(1015, 4, '2026-04-06', 'present', 'manual', NULL, NULL, '2026-04-06 11:02:42'),
(1016, 5, '2026-04-06', 'absent', 'manual', NULL, NULL, '2026-04-06 11:03:14'),
(1017, 6, '2026-04-06', 'present', 'manual', NULL, NULL, '2026-04-06 11:04:19'),
(1018, 7, '2026-04-06', 'present', 'manual', NULL, NULL, '2026-04-06 11:04:22'),
(1019, 8, '2026-04-06', 'present', 'manual', NULL, NULL, '2026-04-06 11:04:24'),
(1020, 9, '2026-04-06', 'present', 'manual', NULL, NULL, '2026-04-06 11:04:27'),
(1021, 10, '2026-04-06', 'present', 'manual', NULL, NULL, '2026-04-06 11:04:32'),
(1022, 11, '2026-04-06', 'present', 'manual', NULL, NULL, '2026-04-06 11:04:34'),
(1023, 12, '2026-04-06', 'present', 'manual', NULL, NULL, '2026-04-06 11:04:37'),
(1025, 14, '2026-04-06', 'present', 'manual', NULL, NULL, '2026-04-06 11:04:45'),
(1026, 15, '2026-04-06', 'present', 'manual', NULL, NULL, '2026-04-06 11:04:49'),
(1027, 16, '2026-04-06', 'present', 'manual', NULL, NULL, '2026-04-06 11:04:54'),
(1028, 17, '2026-04-06', 'present', 'manual', NULL, NULL, '2026-04-06 11:04:56'),
(1029, 18, '2026-04-06', 'present', 'manual', NULL, NULL, '2026-04-06 11:05:00'),
(1030, 21, '2026-04-06', 'present', 'manual', NULL, NULL, '2026-04-06 11:05:03'),
(1031, 2, '2026-04-05', 'absent', 'manual', NULL, NULL, '2026-04-06 13:47:26'),
(1032, 4, '2026-04-05', 'present', 'manual', NULL, NULL, '2026-04-06 13:47:26'),
(1033, 5, '2026-04-05', 'present', 'manual', NULL, NULL, '2026-04-06 13:47:26'),
(1034, 6, '2026-04-05', 'present', 'manual', NULL, NULL, '2026-04-06 13:47:27'),
(1035, 7, '2026-04-05', 'present', 'manual', NULL, NULL, '2026-04-06 13:47:27'),
(1036, 8, '2026-04-05', 'present', 'manual', NULL, NULL, '2026-04-06 13:47:27'),
(1037, 9, '2026-04-05', 'present', 'manual', NULL, NULL, '2026-04-06 13:47:27'),
(1038, 10, '2026-04-05', 'present', 'manual', NULL, NULL, '2026-04-06 13:47:27'),
(1039, 11, '2026-04-05', 'present', 'manual', NULL, NULL, '2026-04-06 13:47:28'),
(1040, 12, '2026-04-05', 'present', 'manual', NULL, NULL, '2026-04-06 13:47:28'),
(1042, 14, '2026-04-05', 'present', 'manual', NULL, NULL, '2026-04-06 13:47:28'),
(1043, 15, '2026-04-05', 'present', 'manual', NULL, NULL, '2026-04-06 13:47:29'),
(1044, 16, '2026-04-05', 'present', 'manual', NULL, NULL, '2026-04-06 13:47:29'),
(1045, 17, '2026-04-05', 'present', 'manual', NULL, NULL, '2026-04-06 13:47:29'),
(1046, 18, '2026-04-05', 'present', 'manual', NULL, NULL, '2026-04-06 13:47:29'),
(1047, 21, '2026-04-05', 'present', 'manual', NULL, NULL, '2026-04-06 13:47:30'),
(1048, 2, '2026-04-08', 'absent', 'manual', NULL, NULL, '2026-04-08 13:15:40'),
(1049, 4, '2026-04-08', 'present', 'manual', NULL, NULL, '2026-04-08 13:15:40'),
(1050, 5, '2026-04-08', 'present', 'manual', NULL, NULL, '2026-04-08 13:15:40'),
(1051, 6, '2026-04-08', 'present', 'manual', NULL, NULL, '2026-04-08 13:15:40'),
(1052, 7, '2026-04-08', 'present', 'manual', NULL, NULL, '2026-04-08 13:15:40'),
(1053, 8, '2026-04-08', 'present', 'manual', NULL, NULL, '2026-04-08 13:15:40'),
(1054, 9, '2026-04-08', 'present', 'manual', NULL, NULL, '2026-04-08 13:15:40'),
(1055, 10, '2026-04-08', 'present', 'manual', NULL, NULL, '2026-04-08 13:15:40'),
(1056, 11, '2026-04-08', 'present', 'manual', NULL, NULL, '2026-04-08 13:15:40'),
(1057, 12, '2026-04-08', 'present', 'manual', NULL, NULL, '2026-04-08 13:15:40'),
(1059, 14, '2026-04-08', 'present', 'manual', NULL, NULL, '2026-04-08 13:15:40'),
(1060, 15, '2026-04-08', 'present', 'manual', NULL, NULL, '2026-04-08 13:15:40'),
(1061, 16, '2026-04-08', 'present', 'manual', NULL, NULL, '2026-04-08 13:15:40'),
(1062, 17, '2026-04-08', 'present', 'manual', NULL, NULL, '2026-04-08 13:15:40'),
(1063, 18, '2026-04-08', 'present', 'manual', NULL, NULL, '2026-04-08 13:15:40'),
(1064, 21, '2026-04-08', 'present', 'manual', NULL, NULL, '2026-04-08 13:15:40'),
(1065, 22, '2026-04-08', 'present', 'manual', NULL, NULL, '2026-04-08 13:15:40'),
(1066, 23, '2026-04-08', 'present', 'manual', NULL, NULL, '2026-04-08 13:15:40'),
(1067, 2, '2026-04-07', 'absent', 'manual', NULL, NULL, '2026-04-08 13:15:50'),
(1068, 5, '2026-04-07', 'absent', 'manual', NULL, NULL, '2026-04-08 13:15:53'),
(1069, 22, '2026-04-04', 'present', 'manual', NULL, NULL, '2026-04-08 13:16:16'),
(1070, 22, '2026-04-05', 'present', 'manual', NULL, NULL, '2026-04-08 13:16:18'),
(1071, 22, '2026-04-06', 'present', 'manual', NULL, NULL, '2026-04-08 13:16:19'),
(1072, 23, '2026-04-04', 'present', 'manual', NULL, NULL, '2026-04-08 13:16:44'),
(1073, 23, '2026-04-05', 'present', 'manual', NULL, NULL, '2026-04-08 13:16:46'),
(1074, 23, '2026-04-06', 'present', 'manual', NULL, NULL, '2026-04-08 13:16:47'),
(1075, 2, '2026-04-11', 'absent', 'manual', NULL, NULL, '2026-04-11 22:31:22'),
(1076, 4, '2026-04-11', 'present', 'manual', NULL, NULL, '2026-04-11 22:31:23'),
(1077, 5, '2026-04-11', 'present', 'manual', NULL, NULL, '2026-04-11 22:31:24'),
(1078, 6, '2026-04-11', 'present', 'manual', NULL, NULL, '2026-04-11 22:31:27'),
(1079, 7, '2026-04-11', 'present', 'manual', NULL, NULL, '2026-04-11 22:31:27'),
(1080, 8, '2026-04-11', 'present', 'manual', NULL, NULL, '2026-04-11 22:31:27'),
(1081, 9, '2026-04-11', 'present', 'manual', NULL, NULL, '2026-04-11 22:31:28'),
(1082, 10, '2026-04-11', 'present', 'manual', NULL, NULL, '2026-04-11 22:31:29'),
(1083, 11, '2026-04-11', 'present', 'manual', NULL, NULL, '2026-04-11 22:31:30'),
(1084, 12, '2026-04-11', 'present', 'manual', NULL, NULL, '2026-04-11 22:31:33'),
(1086, 14, '2026-04-11', 'present', 'manual', NULL, NULL, '2026-04-11 22:31:37'),
(1087, 15, '2026-04-11', 'present', 'manual', NULL, NULL, '2026-04-11 22:31:40'),
(1088, 16, '2026-04-11', 'present', 'manual', NULL, NULL, '2026-04-11 22:31:40'),
(1089, 17, '2026-04-11', 'present', 'manual', NULL, NULL, '2026-04-11 22:31:40'),
(1090, 18, '2026-04-11', 'present', 'manual', NULL, NULL, '2026-04-11 22:31:41'),
(1091, 21, '2026-04-11', 'present', 'manual', NULL, NULL, '2026-04-11 22:31:42'),
(1092, 22, '2026-04-11', 'present', 'manual', NULL, NULL, '2026-04-11 22:31:43'),
(1093, 23, '2026-04-11', 'present', 'manual', NULL, NULL, '2026-04-11 22:31:45'),
(1094, 2, '2026-04-15', 'absent', 'manual', NULL, NULL, '2026-04-15 21:17:37'),
(1095, 4, '2026-04-15', 'present', 'manual', NULL, NULL, '2026-04-15 21:18:04'),
(1096, 5, '2026-04-14', 'holiday', 'manual', NULL, NULL, '2026-04-15 21:18:04'),
(1097, 6, '2026-04-14', 'holiday', 'manual', NULL, NULL, '2026-04-15 21:18:04'),
(1098, 7, '2026-04-14', 'holiday', 'manual', NULL, NULL, '2026-04-15 21:18:05'),
(1099, 8, '2026-04-14', 'holiday', 'manual', NULL, NULL, '2026-04-15 21:18:05'),
(1100, 9, '2026-04-14', 'holiday', 'manual', NULL, NULL, '2026-04-15 21:18:06'),
(1101, 10, '2026-04-14', 'holiday', 'manual', NULL, NULL, '2026-04-15 21:18:07'),
(1102, 11, '2026-04-14', 'holiday', 'manual', NULL, NULL, '2026-04-15 21:18:07'),
(1103, 12, '2026-04-14', 'holiday', 'manual', NULL, NULL, '2026-04-15 21:18:07'),
(1105, 14, '2026-04-14', 'holiday', 'manual', NULL, NULL, '2026-04-15 21:18:08'),
(1106, 15, '2026-04-14', 'holiday', 'manual', NULL, NULL, '2026-04-15 21:18:08'),
(1107, 16, '2026-04-14', 'holiday', 'manual', NULL, NULL, '2026-04-15 21:18:08'),
(1108, 17, '2026-04-14', 'holiday', 'manual', NULL, NULL, '2026-04-15 21:18:09'),
(1109, 18, '2026-04-14', 'holiday', 'manual', NULL, NULL, '2026-04-15 21:18:09'),
(1110, 21, '2026-04-14', 'holiday', 'manual', NULL, NULL, '2026-04-15 21:18:09'),
(1111, 5, '2026-04-15', 'present', 'manual', NULL, NULL, '2026-04-15 21:18:09'),
(1112, 22, '2026-04-14', 'holiday', 'manual', NULL, NULL, '2026-04-15 21:18:10'),
(1113, 6, '2026-04-15', 'present', 'manual', NULL, NULL, '2026-04-15 21:18:10'),
(1114, 23, '2026-04-14', 'holiday', 'manual', NULL, NULL, '2026-04-15 21:18:10'),
(1115, 7, '2026-04-15', 'present', 'manual', NULL, NULL, '2026-04-15 21:18:10'),
(1116, 8, '2026-04-15', 'present', 'manual', NULL, NULL, '2026-04-15 21:18:10'),
(1117, 9, '2026-04-15', 'present', 'manual', NULL, NULL, '2026-04-15 21:18:11'),
(1118, 10, '2026-04-15', 'present', 'manual', NULL, NULL, '2026-04-15 21:18:11'),
(1119, 11, '2026-04-15', 'present', 'manual', NULL, NULL, '2026-04-15 21:18:12'),
(1120, 12, '2026-04-15', 'present', 'manual', NULL, NULL, '2026-04-15 21:18:12'),
(1122, 14, '2026-04-15', 'present', 'manual', NULL, NULL, '2026-04-15 21:18:13'),
(1123, 15, '2026-04-15', 'present', 'manual', NULL, NULL, '2026-04-15 21:18:13'),
(1124, 16, '2026-04-15', 'present', 'manual', NULL, NULL, '2026-04-15 21:18:13'),
(1125, 17, '2026-04-15', 'present', 'manual', NULL, NULL, '2026-04-15 21:18:14'),
(1126, 18, '2026-04-15', 'present', 'manual', NULL, NULL, '2026-04-15 21:18:14'),
(1127, 21, '2026-04-15', 'present', 'manual', NULL, NULL, '2026-04-15 21:18:14'),
(1128, 22, '2026-04-15', 'present', 'manual', NULL, NULL, '2026-04-15 21:18:15'),
(1129, 23, '2026-04-15', 'present', 'manual', NULL, NULL, '2026-04-15 21:18:15'),
(1130, 2, '2026-04-14', 'absent', 'manual', NULL, NULL, '2026-04-15 21:18:22'),
(1131, 4, '2026-04-14', 'holiday', 'manual', NULL, NULL, '2026-04-15 21:18:37'),
(1132, 2, '2026-04-13', 'absent', 'manual', NULL, NULL, '2026-04-15 21:18:56'),
(1133, 4, '2026-04-13', 'present', 'manual', NULL, NULL, '2026-04-15 21:18:57'),
(1134, 5, '2026-04-13', 'present', 'manual', NULL, NULL, '2026-04-15 21:18:57'),
(1135, 6, '2026-04-13', 'present', 'manual', NULL, NULL, '2026-04-15 21:18:57'),
(1136, 7, '2026-04-13', 'present', 'manual', NULL, NULL, '2026-04-15 21:18:57'),
(1137, 8, '2026-04-13', 'present', 'manual', NULL, NULL, '2026-04-15 21:18:58'),
(1138, 9, '2026-04-13', 'present', 'manual', NULL, NULL, '2026-04-15 21:18:58'),
(1139, 10, '2026-04-13', 'present', 'manual', NULL, NULL, '2026-04-15 21:18:59'),
(1140, 11, '2026-04-13', 'present', 'manual', NULL, NULL, '2026-04-15 21:18:59'),
(1141, 12, '2026-04-13', 'present', 'manual', NULL, NULL, '2026-04-15 21:18:59'),
(1143, 14, '2026-04-13', 'present', 'manual', NULL, NULL, '2026-04-15 21:19:00'),
(1144, 15, '2026-04-13', 'present', 'manual', NULL, NULL, '2026-04-15 21:19:01'),
(1145, 16, '2026-04-13', 'present', 'manual', NULL, NULL, '2026-04-15 21:19:01'),
(1146, 17, '2026-04-13', 'present', 'manual', NULL, NULL, '2026-04-15 21:19:01'),
(1147, 18, '2026-04-13', 'present', 'manual', NULL, NULL, '2026-04-15 21:19:02'),
(1148, 21, '2026-04-13', 'present', 'manual', NULL, NULL, '2026-04-15 21:19:02'),
(1149, 22, '2026-04-13', 'present', 'manual', NULL, NULL, '2026-04-15 21:19:02'),
(1150, 23, '2026-04-13', 'present', 'manual', NULL, NULL, '2026-04-15 21:19:03'),
(1151, 2, '2026-04-12', 'absent', 'manual', NULL, NULL, '2026-04-15 21:19:09'),
(1152, 4, '2026-04-12', 'present', 'manual', NULL, NULL, '2026-04-15 21:19:09'),
(1153, 5, '2026-04-12', 'present', 'manual', NULL, NULL, '2026-04-15 21:19:10'),
(1154, 6, '2026-04-12', 'present', 'manual', NULL, NULL, '2026-04-15 21:19:10'),
(1155, 7, '2026-04-12', 'present', 'manual', NULL, NULL, '2026-04-15 21:19:10'),
(1156, 8, '2026-04-12', 'present', 'manual', NULL, NULL, '2026-04-15 21:19:11'),
(1157, 9, '2026-04-12', 'present', 'manual', NULL, NULL, '2026-04-15 21:19:11'),
(1158, 10, '2026-04-12', 'present', 'manual', NULL, NULL, '2026-04-15 21:19:11'),
(1159, 11, '2026-04-12', 'present', 'manual', NULL, NULL, '2026-04-15 21:19:11'),
(1160, 12, '2026-04-12', 'present', 'manual', NULL, NULL, '2026-04-15 21:19:12'),
(1162, 14, '2026-04-12', 'present', 'manual', NULL, NULL, '2026-04-15 21:19:12'),
(1163, 15, '2026-04-12', 'present', 'manual', NULL, NULL, '2026-04-15 21:19:13'),
(1164, 16, '2026-04-12', 'present', 'manual', NULL, NULL, '2026-04-15 21:19:13'),
(1165, 17, '2026-04-12', 'present', 'manual', NULL, NULL, '2026-04-15 21:19:13'),
(1166, 18, '2026-04-12', 'present', 'manual', NULL, NULL, '2026-04-15 21:19:14'),
(1167, 21, '2026-04-12', 'present', 'manual', NULL, NULL, '2026-04-15 21:19:14'),
(1168, 22, '2026-04-12', 'present', 'manual', NULL, NULL, '2026-04-15 21:19:15'),
(1169, 23, '2026-04-12', 'present', 'manual', NULL, NULL, '2026-04-15 21:19:15'),
(1170, 2, '2026-04-10', 'absent', 'manual', NULL, NULL, '2026-04-15 21:19:46'),
(1171, 4, '2026-04-10', 'present', 'manual', NULL, NULL, '2026-04-15 21:19:46'),
(1172, 5, '2026-04-10', 'present', 'manual', NULL, NULL, '2026-04-15 21:19:46'),
(1173, 6, '2026-04-10', 'present', 'manual', NULL, NULL, '2026-04-15 21:19:47'),
(1174, 7, '2026-04-10', 'present', 'manual', NULL, NULL, '2026-04-15 21:19:47'),
(1175, 8, '2026-04-10', 'present', 'manual', NULL, NULL, '2026-04-15 21:19:47'),
(1176, 9, '2026-04-10', 'present', 'manual', NULL, NULL, '2026-04-15 21:19:48'),
(1177, 10, '2026-04-10', 'present', 'manual', NULL, NULL, '2026-04-15 21:19:48'),
(1178, 11, '2026-04-10', 'present', 'manual', NULL, NULL, '2026-04-15 21:19:48'),
(1179, 12, '2026-04-10', 'present', 'manual', NULL, NULL, '2026-04-15 21:19:49'),
(1181, 14, '2026-04-10', 'present', 'manual', NULL, NULL, '2026-04-15 21:19:49'),
(1182, 15, '2026-04-10', 'present', 'manual', NULL, NULL, '2026-04-15 21:19:50'),
(1183, 16, '2026-04-10', 'present', 'manual', NULL, NULL, '2026-04-15 21:19:50'),
(1184, 17, '2026-04-10', 'present', 'manual', NULL, NULL, '2026-04-15 21:19:50'),
(1185, 18, '2026-04-10', 'present', 'manual', NULL, NULL, '2026-04-15 21:19:51'),
(1186, 21, '2026-04-10', 'present', 'manual', NULL, NULL, '2026-04-15 21:19:51'),
(1187, 22, '2026-04-10', 'present', 'manual', NULL, NULL, '2026-04-15 21:19:51'),
(1188, 23, '2026-04-10', 'present', 'manual', NULL, NULL, '2026-04-15 21:19:52'),
(1189, 2, '2026-04-09', 'absent', 'manual', NULL, NULL, '2026-04-15 21:20:04'),
(1190, 4, '2026-04-09', 'present', 'manual', NULL, NULL, '2026-04-15 21:20:05'),
(1191, 5, '2026-04-09', 'present', 'manual', NULL, NULL, '2026-04-15 21:20:06'),
(1192, 6, '2026-04-09', 'present', 'manual', NULL, NULL, '2026-04-15 21:20:07'),
(1193, 7, '2026-04-09', 'present', 'manual', NULL, NULL, '2026-04-15 21:20:07'),
(1194, 8, '2026-04-09', 'present', 'manual', NULL, NULL, '2026-04-15 21:20:07'),
(1195, 9, '2026-04-09', 'present', 'manual', NULL, NULL, '2026-04-15 21:20:08'),
(1196, 10, '2026-04-09', 'present', 'manual', NULL, NULL, '2026-04-15 21:20:08'),
(1197, 11, '2026-04-09', 'present', 'manual', NULL, NULL, '2026-04-15 21:20:09'),
(1198, 12, '2026-04-09', 'present', 'manual', NULL, NULL, '2026-04-15 21:20:09'),
(1200, 14, '2026-04-09', 'present', 'manual', NULL, NULL, '2026-04-15 21:20:10'),
(1201, 15, '2026-04-09', 'present', 'manual', NULL, NULL, '2026-04-15 21:20:10'),
(1202, 16, '2026-04-09', 'present', 'manual', NULL, NULL, '2026-04-15 21:20:10'),
(1203, 17, '2026-04-09', 'present', 'manual', NULL, NULL, '2026-04-15 21:20:11'),
(1204, 18, '2026-04-09', 'present', 'manual', NULL, NULL, '2026-04-15 21:20:11'),
(1205, 21, '2026-04-09', 'present', 'manual', NULL, NULL, '2026-04-15 21:20:11'),
(1206, 22, '2026-04-09', 'present', 'manual', NULL, NULL, '2026-04-15 21:20:12'),
(1207, 23, '2026-04-09', 'present', 'manual', NULL, NULL, '2026-04-15 21:20:12'),
(1208, 4, '2026-04-07', 'present', 'manual', NULL, NULL, '2026-04-15 21:20:29'),
(1209, 6, '2026-04-07', 'present', 'manual', NULL, NULL, '2026-04-15 21:20:29'),
(1210, 7, '2026-04-07', 'present', 'manual', NULL, NULL, '2026-04-15 21:20:30'),
(1211, 8, '2026-04-07', 'present', 'manual', NULL, NULL, '2026-04-15 21:20:30'),
(1212, 9, '2026-04-07', 'present', 'manual', NULL, NULL, '2026-04-15 21:20:30'),
(1213, 10, '2026-04-07', 'present', 'manual', NULL, NULL, '2026-04-15 21:20:31'),
(1214, 11, '2026-04-07', 'present', 'manual', NULL, NULL, '2026-04-15 21:20:31'),
(1215, 12, '2026-04-07', 'absent', 'manual', NULL, NULL, '2026-04-15 21:20:31'),
(1217, 14, '2026-04-07', 'present', 'manual', NULL, NULL, '2026-04-15 21:20:32'),
(1218, 15, '2026-04-07', 'present', 'manual', NULL, NULL, '2026-04-15 21:20:32'),
(1219, 16, '2026-04-07', 'present', 'manual', NULL, NULL, '2026-04-15 21:20:32'),
(1220, 17, '2026-04-07', 'present', 'manual', NULL, NULL, '2026-04-15 21:20:33'),
(1221, 18, '2026-04-07', 'present', 'manual', NULL, NULL, '2026-04-15 21:20:33'),
(1222, 21, '2026-04-07', 'present', 'manual', NULL, NULL, '2026-04-15 21:20:33'),
(1223, 22, '2026-04-07', 'present', 'manual', NULL, NULL, '2026-04-15 21:20:34'),
(1224, 23, '2026-04-07', 'present', 'manual', NULL, NULL, '2026-04-15 21:20:34'),
(1225, 2, '2026-04-17', 'absent', 'manual', NULL, NULL, '2026-04-17 10:50:33'),
(1226, 4, '2026-04-17', 'present', 'manual', NULL, NULL, '2026-04-17 10:50:34'),
(1227, 5, '2026-04-17', 'present', 'manual', NULL, NULL, '2026-04-17 10:50:34'),
(1228, 6, '2026-04-17', 'present', 'manual', NULL, NULL, '2026-04-17 10:50:34'),
(1229, 7, '2026-04-17', 'present', 'manual', NULL, NULL, '2026-04-17 10:50:35'),
(1230, 8, '2026-04-17', 'present', 'manual', NULL, NULL, '2026-04-17 10:50:35'),
(1231, 9, '2026-04-17', 'present', 'manual', NULL, NULL, '2026-04-17 10:50:35'),
(1232, 10, '2026-04-17', 'present', 'manual', NULL, NULL, '2026-04-17 10:50:36'),
(1233, 11, '2026-04-17', 'present', 'manual', NULL, NULL, '2026-04-17 10:50:36'),
(1234, 12, '2026-04-17', 'present', 'manual', NULL, NULL, '2026-04-17 10:50:36'),
(1236, 14, '2026-04-17', 'present', 'manual', NULL, NULL, '2026-04-17 10:50:37'),
(1237, 15, '2026-04-17', 'present', 'manual', NULL, NULL, '2026-04-17 10:50:37'),
(1238, 16, '2026-04-17', 'present', 'manual', NULL, NULL, '2026-04-17 10:50:38'),
(1239, 17, '2026-04-17', 'present', 'manual', NULL, NULL, '2026-04-17 10:50:38'),
(1240, 18, '2026-04-17', 'present', 'manual', NULL, NULL, '2026-04-17 10:50:38'),
(1241, 21, '2026-04-17', 'absent', 'manual', NULL, NULL, '2026-04-17 10:50:38'),
(1242, 22, '2026-04-17', 'present', 'manual', NULL, NULL, '2026-04-17 10:50:39'),
(1243, 23, '2026-04-17', 'present', 'manual', NULL, NULL, '2026-04-17 10:50:39'),
(1244, 2, '2026-04-16', 'absent', 'manual', NULL, NULL, '2026-04-17 10:51:43'),
(1245, 4, '2026-04-16', 'present', 'manual', NULL, NULL, '2026-04-17 10:51:43'),
(1246, 5, '2026-04-16', 'present', 'manual', NULL, NULL, '2026-04-17 10:51:43'),
(1247, 6, '2026-04-16', 'present', 'manual', NULL, NULL, '2026-04-17 10:51:44'),
(1248, 7, '2026-04-16', 'present', 'manual', NULL, NULL, '2026-04-17 10:51:44'),
(1249, 8, '2026-04-16', 'present', 'manual', NULL, NULL, '2026-04-17 10:51:44'),
(1250, 9, '2026-04-16', 'present', 'manual', NULL, NULL, '2026-04-17 10:51:44'),
(1251, 10, '2026-04-16', 'present', 'manual', NULL, NULL, '2026-04-17 10:51:45'),
(1252, 11, '2026-04-16', 'present', 'manual', NULL, NULL, '2026-04-17 10:51:45'),
(1253, 12, '2026-04-16', 'present', 'manual', NULL, NULL, '2026-04-17 10:51:45'),
(1255, 14, '2026-04-16', 'present', 'manual', NULL, NULL, '2026-04-17 10:51:46'),
(1256, 15, '2026-04-16', 'present', 'manual', NULL, NULL, '2026-04-17 10:51:46'),
(1257, 16, '2026-04-16', 'present', 'manual', NULL, NULL, '2026-04-17 10:51:47'),
(1258, 17, '2026-04-16', 'present', 'manual', NULL, NULL, '2026-04-17 10:51:47'),
(1259, 18, '2026-04-16', 'present', 'manual', NULL, NULL, '2026-04-17 10:51:47'),
(1260, 21, '2026-04-16', 'present', 'manual', NULL, NULL, '2026-04-17 10:51:47'),
(1261, 22, '2026-04-16', 'present', 'manual', NULL, NULL, '2026-04-17 10:51:48'),
(1262, 23, '2026-04-16', 'present', 'manual', NULL, NULL, '2026-04-17 10:51:48'),
(1263, 2, '2026-04-19', 'absent', 'manual', NULL, NULL, '2026-04-19 15:20:40'),
(1264, 4, '2026-04-19', 'present', 'manual', NULL, NULL, '2026-04-19 15:20:40'),
(1265, 5, '2026-04-19', 'present', 'manual', NULL, NULL, '2026-04-19 15:20:40'),
(1266, 6, '2026-04-19', 'present', 'manual', NULL, NULL, '2026-04-19 15:20:41'),
(1267, 7, '2026-04-19', 'present', 'manual', NULL, NULL, '2026-04-19 15:20:41'),
(1268, 8, '2026-04-19', 'present', 'manual', NULL, NULL, '2026-04-19 15:20:42'),
(1269, 9, '2026-04-19', 'present', 'manual', NULL, NULL, '2026-04-19 15:20:42'),
(1270, 10, '2026-04-19', 'present', 'manual', NULL, NULL, '2026-04-19 15:20:42'),
(1271, 11, '2026-04-19', 'present', 'manual', NULL, NULL, '2026-04-19 15:20:43'),
(1272, 12, '2026-04-19', 'present', 'manual', NULL, NULL, '2026-04-19 15:20:43'),
(1274, 14, '2026-04-19', 'present', 'manual', NULL, NULL, '2026-04-19 15:20:44'),
(1275, 15, '2026-04-19', 'present', 'manual', NULL, NULL, '2026-04-19 15:20:44'),
(1276, 16, '2026-04-19', 'present', 'manual', NULL, NULL, '2026-04-19 15:20:44'),
(1277, 17, '2026-04-19', 'present', 'manual', NULL, NULL, '2026-04-19 15:20:45'),
(1278, 18, '2026-04-19', 'present', 'manual', NULL, NULL, '2026-04-19 15:20:45'),
(1279, 21, '2026-04-19', 'present', 'manual', NULL, NULL, '2026-04-19 15:20:45'),
(1280, 22, '2026-04-19', 'present', 'manual', NULL, NULL, '2026-04-19 15:20:46'),
(1281, 23, '2026-04-19', 'present', 'manual', NULL, NULL, '2026-04-19 15:20:46'),
(1282, 2, '2026-04-18', 'absent', 'manual', NULL, NULL, '2026-04-20 10:02:44'),
(1283, 4, '2026-04-18', 'present', 'manual', NULL, NULL, '2026-04-20 10:02:44'),
(1284, 5, '2026-04-18', 'present', 'manual', NULL, NULL, '2026-04-20 10:02:44'),
(1285, 6, '2026-04-18', 'present', 'manual', NULL, NULL, '2026-04-20 10:02:45'),
(1286, 7, '2026-04-18', 'present', 'manual', NULL, NULL, '2026-04-20 10:02:45'),
(1287, 8, '2026-04-18', 'present', 'manual', NULL, NULL, '2026-04-20 10:02:45'),
(1288, 9, '2026-04-18', 'present', 'manual', NULL, NULL, '2026-04-20 10:02:46'),
(1289, 10, '2026-04-18', 'present', 'manual', NULL, NULL, '2026-04-20 10:02:46'),
(1290, 11, '2026-04-18', 'present', 'manual', NULL, NULL, '2026-04-20 10:02:46'),
(1291, 12, '2026-04-18', 'present', 'manual', NULL, NULL, '2026-04-20 10:02:47'),
(1293, 14, '2026-04-18', 'present', 'manual', NULL, NULL, '2026-04-20 10:02:47'),
(1294, 15, '2026-04-18', 'present', 'manual', NULL, NULL, '2026-04-20 10:02:48'),
(1295, 16, '2026-04-18', 'present', 'manual', NULL, NULL, '2026-04-20 10:02:48'),
(1296, 17, '2026-04-18', 'present', 'manual', NULL, NULL, '2026-04-20 10:02:48'),
(1297, 18, '2026-04-18', 'present', 'manual', NULL, NULL, '2026-04-20 10:02:49'),
(1298, 21, '2026-04-18', 'present', 'manual', NULL, NULL, '2026-04-20 10:02:49'),
(1299, 22, '2026-04-18', 'present', 'manual', NULL, NULL, '2026-04-20 10:02:49'),
(1300, 23, '2026-04-18', 'present', 'manual', NULL, NULL, '2026-04-20 10:02:50'),
(1301, 2, '2026-04-20', 'absent', 'manual', NULL, NULL, '2026-04-20 10:03:08'),
(1302, 4, '2026-04-20', 'present', 'manual', NULL, NULL, '2026-04-20 10:03:08'),
(1303, 5, '2026-04-20', 'present', 'manual', NULL, NULL, '2026-04-20 10:03:08'),
(1304, 6, '2026-04-20', 'present', 'manual', NULL, NULL, '2026-04-20 10:03:09'),
(1305, 7, '2026-04-20', 'present', 'manual', NULL, NULL, '2026-04-20 10:03:09'),
(1306, 8, '2026-04-20', 'present', 'manual', NULL, NULL, '2026-04-20 10:03:09'),
(1307, 9, '2026-04-20', 'present', 'manual', NULL, NULL, '2026-04-20 10:03:10'),
(1308, 10, '2026-04-20', 'present', 'manual', NULL, NULL, '2026-04-20 10:03:10'),
(1309, 11, '2026-04-20', 'present', 'manual', NULL, NULL, '2026-04-20 10:03:10'),
(1310, 12, '2026-04-20', 'absent', 'manual', NULL, NULL, '2026-04-20 10:03:10'),
(1312, 14, '2026-04-20', 'present', 'manual', NULL, NULL, '2026-04-20 10:03:11'),
(1313, 15, '2026-04-20', 'present', 'manual', NULL, NULL, '2026-04-20 10:03:11'),
(1314, 16, '2026-04-20', 'present', 'manual', NULL, NULL, '2026-04-20 10:03:12'),
(1315, 17, '2026-04-20', 'present', 'manual', NULL, NULL, '2026-04-20 10:03:12'),
(1316, 18, '2026-04-20', 'present', 'manual', NULL, NULL, '2026-04-20 10:03:12'),
(1317, 21, '2026-04-20', 'present', 'manual', NULL, NULL, '2026-04-20 10:03:13'),
(1318, 22, '2026-04-20', 'present', 'manual', NULL, NULL, '2026-04-20 10:03:13'),
(1319, 23, '2026-04-20', 'present', 'manual', NULL, NULL, '2026-04-20 10:03:13'),
(1320, 12, '2026-04-21', 'absent', 'manual', NULL, NULL, '2026-04-24 07:48:56'),
(1321, 2, '2026-04-22', 'absent', 'manual', NULL, NULL, '2026-04-24 07:49:12'),
(1322, 4, '2026-04-22', 'present', 'manual', NULL, NULL, '2026-04-24 07:49:12'),
(1323, 5, '2026-04-22', 'present', 'manual', NULL, NULL, '2026-04-24 07:49:12'),
(1324, 6, '2026-04-22', 'present', 'manual', NULL, NULL, '2026-04-24 07:49:12'),
(1325, 7, '2026-04-22', 'present', 'manual', NULL, NULL, '2026-04-24 07:49:13'),
(1326, 8, '2026-04-22', 'present', 'manual', NULL, NULL, '2026-04-24 07:49:13'),
(1327, 9, '2026-04-22', 'present', 'manual', NULL, NULL, '2026-04-24 07:49:14'),
(1328, 10, '2026-04-22', 'present', 'manual', NULL, NULL, '2026-04-24 07:49:14'),
(1329, 11, '2026-04-22', 'present', 'manual', NULL, NULL, '2026-04-24 07:49:14'),
(1330, 12, '2026-04-22', 'absent', 'manual', NULL, NULL, '2026-04-24 07:49:15'),
(1332, 14, '2026-04-22', 'present', 'manual', NULL, NULL, '2026-04-24 07:49:15'),
(1333, 15, '2026-04-22', 'present', 'manual', NULL, NULL, '2026-04-24 07:49:16'),
(1334, 16, '2026-04-22', 'present', 'manual', NULL, NULL, '2026-04-24 07:49:16'),
(1335, 17, '2026-04-22', 'present', 'manual', NULL, NULL, '2026-04-24 07:49:16'),
(1336, 18, '2026-04-22', 'present', 'manual', NULL, NULL, '2026-04-24 07:49:16'),
(1337, 21, '2026-04-22', 'present', 'manual', NULL, NULL, '2026-04-24 07:49:17'),
(1338, 22, '2026-04-22', 'present', 'manual', NULL, NULL, '2026-04-24 07:49:17'),
(1339, 23, '2026-04-22', 'present', 'manual', NULL, NULL, '2026-04-24 07:49:17'),
(1340, 2, '2026-04-23', 'absent', 'manual', NULL, NULL, '2026-04-24 07:49:50'),
(1341, 4, '2026-04-23', 'present', 'manual', NULL, NULL, '2026-04-24 07:49:50'),
(1342, 5, '2026-04-23', 'present', 'manual', NULL, NULL, '2026-04-24 07:49:50'),
(1343, 6, '2026-04-23', 'present', 'manual', NULL, NULL, '2026-04-24 07:49:50'),
(1344, 7, '2026-04-23', 'present', 'manual', NULL, NULL, '2026-04-24 07:49:51'),
(1345, 8, '2026-04-23', 'present', 'manual', NULL, NULL, '2026-04-24 07:49:51'),
(1346, 9, '2026-04-23', 'present', 'manual', NULL, NULL, '2026-04-24 07:49:51'),
(1347, 10, '2026-04-23', 'present', 'manual', NULL, NULL, '2026-04-24 07:49:51'),
(1348, 11, '2026-04-23', 'present', 'manual', NULL, NULL, '2026-04-24 07:49:52'),
(1349, 12, '2026-04-23', 'present', 'manual', NULL, NULL, '2026-04-24 07:49:52'),
(1351, 14, '2026-04-23', 'present', 'manual', NULL, NULL, '2026-04-24 07:49:52'),
(1352, 15, '2026-04-23', 'present', 'manual', NULL, NULL, '2026-04-24 07:49:53'),
(1353, 16, '2026-04-23', 'present', 'manual', NULL, NULL, '2026-04-24 07:49:53'),
(1354, 17, '2026-04-23', 'present', 'manual', NULL, NULL, '2026-04-24 07:49:53'),
(1355, 18, '2026-04-23', 'present', 'manual', NULL, NULL, '2026-04-24 07:49:53'),
(1356, 21, '2026-04-23', 'present', 'manual', NULL, NULL, '2026-04-24 07:49:53'),
(1357, 22, '2026-04-23', 'present', 'manual', NULL, NULL, '2026-04-24 07:49:54'),
(1358, 23, '2026-04-23', 'present', 'manual', NULL, NULL, '2026-04-24 07:49:54'),
(1359, 2, '2026-04-21', 'absent', 'manual', NULL, NULL, '2026-04-24 07:50:22'),
(1360, 2, '2026-04-25', 'absent', 'manual', NULL, NULL, '2026-04-25 22:21:49'),
(1361, 4, '2026-04-25', 'present', 'manual', NULL, NULL, '2026-04-25 22:21:49'),
(1362, 5, '2026-04-25', 'present', 'manual', NULL, NULL, '2026-04-25 22:21:49'),
(1363, 6, '2026-04-25', 'present', 'manual', NULL, NULL, '2026-04-25 22:21:50'),
(1364, 7, '2026-04-25', 'present', 'manual', NULL, NULL, '2026-04-25 22:21:50'),
(1365, 8, '2026-04-25', 'present', 'manual', NULL, NULL, '2026-04-25 22:21:50'),
(1366, 9, '2026-04-25', 'present', 'manual', NULL, NULL, '2026-04-25 22:21:51'),
(1367, 10, '2026-04-25', 'present', 'manual', NULL, NULL, '2026-04-25 22:21:51'),
(1368, 11, '2026-04-25', 'present', 'manual', NULL, NULL, '2026-04-25 22:21:51'),
(1369, 12, '2026-04-25', 'present', 'manual', NULL, NULL, '2026-04-25 22:21:52'),
(1371, 14, '2026-04-25', 'present', 'manual', NULL, NULL, '2026-04-25 22:21:52'),
(1372, 15, '2026-04-25', 'present', 'manual', NULL, NULL, '2026-04-25 22:21:53'),
(1373, 16, '2026-04-25', 'present', 'manual', NULL, NULL, '2026-04-25 22:21:53'),
(1374, 17, '2026-04-25', 'present', 'manual', NULL, NULL, '2026-04-25 22:21:53'),
(1375, 18, '2026-04-25', 'present', 'manual', NULL, NULL, '2026-04-25 22:21:54'),
(1376, 21, '2026-04-25', 'present', 'manual', NULL, NULL, '2026-04-25 22:21:54'),
(1377, 22, '2026-04-25', 'present', 'manual', NULL, NULL, '2026-04-25 22:21:54'),
(1378, 23, '2026-04-25', 'present', 'manual', NULL, NULL, '2026-04-25 22:21:55'),
(1379, 2, '2026-04-26', 'absent', 'manual', NULL, NULL, '2026-04-26 11:04:19'),
(1380, 4, '2026-04-26', 'present', 'manual', NULL, NULL, '2026-04-26 11:04:19'),
(1381, 5, '2026-04-26', 'present', 'manual', NULL, NULL, '2026-04-26 11:04:20'),
(1382, 6, '2026-04-26', 'present', 'manual', NULL, NULL, '2026-04-26 11:04:20'),
(1383, 7, '2026-04-26', 'present', 'manual', NULL, NULL, '2026-04-26 11:04:20'),
(1384, 8, '2026-04-26', 'present', 'manual', NULL, NULL, '2026-04-26 11:04:20'),
(1385, 9, '2026-04-26', 'present', 'manual', NULL, NULL, '2026-04-26 11:04:21'),
(1386, 10, '2026-04-26', 'present', 'manual', NULL, NULL, '2026-04-26 11:04:21'),
(1387, 11, '2026-04-26', 'present', 'manual', NULL, NULL, '2026-04-26 11:04:21'),
(1388, 12, '2026-04-26', 'present', 'manual', NULL, NULL, '2026-04-26 11:04:21'),
(1390, 14, '2026-04-26', 'present', 'manual', NULL, NULL, '2026-04-26 11:04:22'),
(1391, 15, '2026-04-26', 'present', 'manual', NULL, NULL, '2026-04-26 11:04:22'),
(1392, 16, '2026-04-26', 'present', 'manual', NULL, NULL, '2026-04-26 11:04:22'),
(1393, 17, '2026-04-26', 'present', 'manual', NULL, NULL, '2026-04-26 11:04:23'),
(1394, 18, '2026-04-26', 'present', 'manual', NULL, NULL, '2026-04-26 11:04:23'),
(1395, 21, '2026-04-26', 'present', 'manual', NULL, NULL, '2026-04-26 11:04:23'),
(1396, 22, '2026-04-26', 'present', 'manual', NULL, NULL, '2026-04-26 11:04:23'),
(1397, 23, '2026-04-26', 'present', 'manual', NULL, NULL, '2026-04-26 11:04:23'),
(1398, 2, '2026-04-27', 'absent', 'manual', NULL, NULL, '2026-04-27 14:35:25'),
(1399, 4, '2026-04-27', 'present', 'manual', NULL, NULL, '2026-04-27 14:35:25'),
(1400, 5, '2026-04-27', 'present', 'manual', NULL, NULL, '2026-04-27 14:35:25'),
(1401, 6, '2026-04-27', 'present', 'manual', NULL, NULL, '2026-04-27 14:35:25'),
(1402, 7, '2026-04-27', 'present', 'manual', NULL, NULL, '2026-04-27 14:35:25'),
(1403, 8, '2026-04-27', 'present', 'manual', NULL, NULL, '2026-04-27 14:35:25'),
(1404, 9, '2026-04-27', 'present', 'manual', NULL, NULL, '2026-04-27 14:35:25'),
(1405, 10, '2026-04-27', 'present', 'manual', NULL, NULL, '2026-04-27 14:35:25'),
(1406, 11, '2026-04-27', 'present', 'manual', NULL, NULL, '2026-04-27 14:35:25'),
(1407, 12, '2026-04-27', 'present', 'manual', NULL, NULL, '2026-04-27 14:35:25'),
(1409, 14, '2026-04-27', 'present', 'manual', NULL, NULL, '2026-04-27 14:35:25'),
(1410, 15, '2026-04-27', 'present', 'manual', NULL, NULL, '2026-04-27 14:35:25'),
(1411, 16, '2026-04-27', 'present', 'manual', NULL, NULL, '2026-04-27 14:35:25'),
(1412, 17, '2026-04-27', 'present', 'manual', NULL, NULL, '2026-04-27 14:35:25'),
(1413, 18, '2026-04-27', 'present', 'manual', NULL, NULL, '2026-04-27 14:35:25'),
(1414, 21, '2026-04-27', 'present', 'manual', NULL, NULL, '2026-04-27 14:35:25'),
(1415, 22, '2026-04-27', 'present', 'manual', NULL, NULL, '2026-04-27 14:35:25'),
(1416, 23, '2026-04-27', 'present', 'manual', NULL, NULL, '2026-04-27 14:35:25'),
(1417, 9, '2026-04-24', 'present', 'manual', NULL, NULL, '2026-04-29 14:33:32'),
(1418, 2, '2026-04-29', 'absent', 'manual', NULL, NULL, '2026-04-29 14:34:24'),
(1419, 4, '2026-04-29', 'present', 'manual', NULL, NULL, '2026-04-29 14:34:24'),
(1420, 5, '2026-04-29', 'present', 'manual', NULL, NULL, '2026-04-29 14:34:24'),
(1421, 6, '2026-04-29', 'present', 'manual', NULL, NULL, '2026-04-29 14:34:24'),
(1422, 7, '2026-04-29', 'present', 'manual', NULL, NULL, '2026-04-29 14:34:24'),
(1423, 8, '2026-04-29', 'present', 'manual', NULL, NULL, '2026-04-29 14:34:24'),
(1424, 9, '2026-04-29', 'present', 'manual', NULL, NULL, '2026-04-29 14:34:24'),
(1425, 10, '2026-04-29', 'present', 'manual', NULL, NULL, '2026-04-29 14:34:24'),
(1426, 11, '2026-04-29', 'present', 'manual', NULL, NULL, '2026-04-29 14:34:24'),
(1427, 12, '2026-04-29', 'present', 'manual', NULL, NULL, '2026-04-29 14:34:24'),
(1429, 14, '2026-04-29', 'present', 'manual', NULL, NULL, '2026-04-29 14:34:24'),
(1430, 15, '2026-04-29', 'present', 'manual', NULL, NULL, '2026-04-29 14:34:24'),
(1431, 16, '2026-04-29', 'present', 'manual', NULL, NULL, '2026-04-29 14:34:24'),
(1432, 17, '2026-04-29', 'present', 'manual', NULL, NULL, '2026-04-29 14:34:24'),
(1433, 18, '2026-04-29', 'present', 'manual', NULL, NULL, '2026-04-29 14:34:24'),
(1434, 21, '2026-04-29', 'present', 'manual', NULL, NULL, '2026-04-29 14:34:24'),
(1435, 22, '2026-04-29', 'present', 'manual', NULL, NULL, '2026-04-29 14:34:24'),
(1436, 23, '2026-04-29', 'present', 'manual', NULL, NULL, '2026-04-29 14:34:24'),
(1437, 2, '2026-04-30', 'absent', 'manual', NULL, NULL, '2026-04-30 18:38:41'),
(1438, 4, '2026-04-30', 'present', 'manual', NULL, NULL, '2026-04-30 18:38:41');
INSERT INTO `attendance` (`id`, `employee_id`, `date`, `status`, `source`, `check_in`, `check_out`, `created_at`) VALUES
(1439, 5, '2026-04-30', 'present', 'manual', NULL, NULL, '2026-04-30 18:38:41'),
(1440, 6, '2026-04-30', 'present', 'manual', NULL, NULL, '2026-04-30 18:38:41'),
(1441, 7, '2026-04-30', 'present', 'manual', NULL, NULL, '2026-04-30 18:38:41'),
(1442, 8, '2026-04-30', 'present', 'manual', NULL, NULL, '2026-04-30 18:38:41'),
(1443, 9, '2026-04-30', 'present', 'manual', NULL, NULL, '2026-04-30 18:38:41'),
(1444, 10, '2026-04-30', 'present', 'manual', NULL, NULL, '2026-04-30 18:38:41'),
(1445, 11, '2026-04-30', 'present', 'manual', NULL, NULL, '2026-04-30 18:38:41'),
(1446, 12, '2026-04-30', 'present', 'manual', NULL, NULL, '2026-04-30 18:38:41'),
(1448, 14, '2026-04-30', 'present', 'manual', NULL, NULL, '2026-04-30 18:38:41'),
(1449, 15, '2026-04-30', 'present', 'manual', NULL, NULL, '2026-04-30 18:38:41'),
(1450, 16, '2026-04-30', 'present', 'manual', NULL, NULL, '2026-04-30 18:38:41'),
(1451, 17, '2026-04-30', 'present', 'manual', NULL, NULL, '2026-04-30 18:38:41'),
(1452, 18, '2026-04-30', 'present', 'manual', NULL, NULL, '2026-04-30 18:38:41'),
(1453, 21, '2026-04-30', 'present', 'manual', NULL, NULL, '2026-04-30 18:38:41'),
(1454, 22, '2026-04-30', 'present', 'manual', NULL, NULL, '2026-04-30 18:38:41'),
(1455, 23, '2026-04-30', 'present', 'manual', NULL, NULL, '2026-04-30 18:38:41'),
(1456, 2, '2026-04-24', 'absent', 'manual', NULL, NULL, '2026-05-01 16:28:17'),
(1457, 4, '2026-04-24', 'present', 'manual', NULL, NULL, '2026-05-01 16:28:17'),
(1458, 5, '2026-04-24', 'present', 'manual', NULL, NULL, '2026-05-01 16:28:17'),
(1459, 6, '2026-04-24', 'present', 'manual', NULL, NULL, '2026-05-01 16:28:17'),
(1460, 7, '2026-04-24', 'present', 'manual', NULL, NULL, '2026-05-01 16:28:17'),
(1461, 8, '2026-04-24', 'present', 'manual', NULL, NULL, '2026-05-01 16:28:17'),
(1462, 10, '2026-04-24', 'present', 'manual', NULL, NULL, '2026-05-01 16:28:17'),
(1463, 11, '2026-04-24', 'present', 'manual', NULL, NULL, '2026-05-01 16:28:17'),
(1464, 12, '2026-04-24', 'present', 'manual', NULL, NULL, '2026-05-01 16:28:17'),
(1466, 14, '2026-04-24', 'present', 'manual', NULL, NULL, '2026-05-01 16:28:17'),
(1467, 15, '2026-04-24', 'present', 'manual', NULL, NULL, '2026-05-01 16:28:17'),
(1468, 16, '2026-04-24', 'present', 'manual', NULL, NULL, '2026-05-01 16:28:17'),
(1469, 17, '2026-04-24', 'present', 'manual', NULL, NULL, '2026-05-01 16:28:17'),
(1470, 18, '2026-04-24', 'present', 'manual', NULL, NULL, '2026-05-01 16:28:17'),
(1471, 21, '2026-04-24', 'present', 'manual', NULL, NULL, '2026-05-01 16:28:17'),
(1472, 22, '2026-04-24', 'present', 'manual', NULL, NULL, '2026-05-01 16:28:17'),
(1473, 23, '2026-04-24', 'present', 'manual', NULL, NULL, '2026-05-01 16:28:17'),
(1474, 2, '2026-05-01', 'present', 'manual', NULL, NULL, '2026-05-01 17:23:52'),
(1475, 4, '2026-05-01', 'present', 'manual', NULL, NULL, '2026-05-01 17:23:52'),
(1476, 5, '2026-05-01', 'present', 'manual', NULL, NULL, '2026-05-01 17:23:52'),
(1477, 6, '2026-05-01', 'present', 'manual', NULL, NULL, '2026-05-01 17:23:52'),
(1478, 7, '2026-05-01', 'present', 'manual', NULL, NULL, '2026-05-01 17:23:52'),
(1479, 8, '2026-05-01', 'present', 'manual', NULL, NULL, '2026-05-01 17:23:52'),
(1480, 9, '2026-05-01', 'present', 'manual', NULL, NULL, '2026-05-01 17:23:52'),
(1481, 10, '2026-05-01', 'present', 'manual', NULL, NULL, '2026-05-01 17:23:52'),
(1482, 11, '2026-05-01', 'present', 'manual', NULL, NULL, '2026-05-01 17:23:52'),
(1483, 12, '2026-05-01', 'present', 'manual', NULL, NULL, '2026-05-01 17:23:52'),
(1485, 14, '2026-05-01', 'present', 'manual', NULL, NULL, '2026-05-01 17:23:52'),
(1486, 15, '2026-05-01', 'present', 'manual', NULL, NULL, '2026-05-01 17:23:52'),
(1487, 16, '2026-05-01', 'present', 'manual', NULL, NULL, '2026-05-01 17:23:52'),
(1488, 17, '2026-05-01', 'present', 'manual', NULL, NULL, '2026-05-01 17:23:52'),
(1489, 18, '2026-05-01', 'present', 'manual', NULL, NULL, '2026-05-01 17:23:52'),
(1490, 21, '2026-05-01', 'present', 'manual', NULL, NULL, '2026-05-01 17:23:52'),
(1491, 22, '2026-05-01', 'present', 'manual', NULL, NULL, '2026-05-01 17:23:52'),
(1492, 23, '2026-05-01', 'present', 'manual', NULL, NULL, '2026-05-01 17:23:52'),
(1493, 2, '2026-05-22', 'present', 'manual', NULL, NULL, '2026-05-01 19:37:23'),
(1494, 2, '2026-05-04', 'present', 'manual', NULL, NULL, '2026-05-04 15:17:36'),
(1495, 4, '2026-05-04', 'present', 'manual', NULL, NULL, '2026-05-04 15:17:36'),
(1496, 5, '2026-05-04', 'present', 'manual', NULL, NULL, '2026-05-04 15:17:36'),
(1497, 6, '2026-05-04', 'present', 'manual', NULL, NULL, '2026-05-04 15:17:36'),
(1498, 7, '2026-05-04', 'present', 'manual', NULL, NULL, '2026-05-04 15:17:36'),
(1499, 8, '2026-05-04', 'present', 'manual', NULL, NULL, '2026-05-04 15:17:36'),
(1500, 9, '2026-05-04', 'present', 'manual', NULL, NULL, '2026-05-04 15:17:36'),
(1501, 10, '2026-05-04', 'present', 'manual', NULL, NULL, '2026-05-04 15:17:36'),
(1502, 11, '2026-05-04', 'present', 'manual', NULL, NULL, '2026-05-04 15:17:36'),
(1503, 12, '2026-05-04', 'present', 'manual', NULL, NULL, '2026-05-04 15:17:36'),
(1504, 14, '2026-05-04', 'present', 'manual', NULL, NULL, '2026-05-04 15:17:36'),
(1505, 15, '2026-05-04', 'present', 'manual', NULL, NULL, '2026-05-04 15:17:36'),
(1506, 16, '2026-05-04', 'present', 'manual', NULL, NULL, '2026-05-04 15:17:36'),
(1507, 17, '2026-05-04', 'present', 'manual', NULL, NULL, '2026-05-04 15:17:36'),
(1508, 18, '2026-05-04', 'present', 'manual', NULL, NULL, '2026-05-04 15:17:36'),
(1509, 21, '2026-05-04', 'present', 'manual', NULL, NULL, '2026-05-04 15:17:36'),
(1510, 22, '2026-05-04', 'present', 'manual', NULL, NULL, '2026-05-04 15:17:36'),
(1511, 23, '2026-05-04', 'present', 'manual', NULL, NULL, '2026-05-04 15:17:36'),
(1512, 2, '2026-05-03', 'present', 'manual', NULL, NULL, '2026-05-04 15:17:53'),
(1513, 4, '2026-05-03', 'present', 'manual', NULL, NULL, '2026-05-04 15:17:53'),
(1514, 5, '2026-05-03', 'present', 'manual', NULL, NULL, '2026-05-04 15:17:53'),
(1515, 6, '2026-05-03', 'present', 'manual', NULL, NULL, '2026-05-04 15:17:53'),
(1516, 7, '2026-05-03', 'present', 'manual', NULL, NULL, '2026-05-04 15:17:53'),
(1517, 8, '2026-05-03', 'present', 'manual', NULL, NULL, '2026-05-04 15:17:53'),
(1518, 9, '2026-05-03', 'present', 'manual', NULL, NULL, '2026-05-04 15:17:53'),
(1519, 10, '2026-05-03', 'present', 'manual', NULL, NULL, '2026-05-04 15:17:53'),
(1520, 11, '2026-05-03', 'present', 'manual', NULL, NULL, '2026-05-04 15:17:53'),
(1521, 12, '2026-05-03', 'present', 'manual', NULL, NULL, '2026-05-04 15:17:53'),
(1522, 14, '2026-05-03', 'present', 'manual', NULL, NULL, '2026-05-04 15:17:53'),
(1523, 15, '2026-05-03', 'present', 'manual', NULL, NULL, '2026-05-04 15:17:53'),
(1524, 16, '2026-05-03', 'present', 'manual', NULL, NULL, '2026-05-04 15:17:53'),
(1525, 17, '2026-05-03', 'present', 'manual', NULL, NULL, '2026-05-04 15:17:53'),
(1526, 18, '2026-05-03', 'present', 'manual', NULL, NULL, '2026-05-04 15:17:53'),
(1527, 21, '2026-05-03', 'present', 'manual', NULL, NULL, '2026-05-04 15:17:53'),
(1528, 22, '2026-05-03', 'present', 'manual', NULL, NULL, '2026-05-04 15:17:53'),
(1529, 23, '2026-05-03', 'present', 'manual', NULL, NULL, '2026-05-04 15:17:53'),
(1530, 2, '2026-05-02', 'present', 'manual', NULL, NULL, '2026-05-04 15:18:05'),
(1531, 4, '2026-05-02', 'present', 'manual', NULL, NULL, '2026-05-04 15:18:05'),
(1532, 5, '2026-05-02', 'present', 'manual', NULL, NULL, '2026-05-04 15:18:05'),
(1533, 6, '2026-05-02', 'present', 'manual', NULL, NULL, '2026-05-04 15:18:05'),
(1534, 7, '2026-05-02', 'present', 'manual', NULL, NULL, '2026-05-04 15:18:05'),
(1535, 8, '2026-05-02', 'present', 'manual', NULL, NULL, '2026-05-04 15:18:05'),
(1536, 9, '2026-05-02', 'present', 'manual', NULL, NULL, '2026-05-04 15:18:05'),
(1537, 10, '2026-05-02', 'present', 'manual', NULL, NULL, '2026-05-04 15:18:05'),
(1538, 11, '2026-05-02', 'present', 'manual', NULL, NULL, '2026-05-04 15:18:05'),
(1539, 12, '2026-05-02', 'present', 'manual', NULL, NULL, '2026-05-04 15:18:05'),
(1540, 14, '2026-05-02', 'present', 'manual', NULL, NULL, '2026-05-04 15:18:05'),
(1541, 15, '2026-05-02', 'present', 'manual', NULL, NULL, '2026-05-04 15:18:05'),
(1542, 16, '2026-05-02', 'present', 'manual', NULL, NULL, '2026-05-04 15:18:05'),
(1543, 17, '2026-05-02', 'present', 'manual', NULL, NULL, '2026-05-04 15:18:05'),
(1544, 18, '2026-05-02', 'present', 'manual', NULL, NULL, '2026-05-04 15:18:05'),
(1545, 21, '2026-05-02', 'present', 'manual', NULL, NULL, '2026-05-04 15:18:05'),
(1546, 22, '2026-05-02', 'present', 'manual', NULL, NULL, '2026-05-04 15:18:05'),
(1547, 23, '2026-05-02', 'present', 'manual', NULL, NULL, '2026-05-04 15:18:05'),
(1548, 2, '2026-05-07', 'present', 'manual', NULL, NULL, '2026-05-07 12:52:17'),
(1549, 4, '2026-05-07', 'present', 'manual', NULL, NULL, '2026-05-07 12:52:17'),
(1550, 5, '2026-05-07', 'present', 'manual', NULL, NULL, '2026-05-07 12:52:17'),
(1551, 6, '2026-05-07', 'present', 'manual', NULL, NULL, '2026-05-07 12:52:17'),
(1552, 7, '2026-05-07', 'present', 'manual', NULL, NULL, '2026-05-07 12:52:17'),
(1553, 8, '2026-05-07', 'present', 'manual', NULL, NULL, '2026-05-07 12:52:17'),
(1554, 9, '2026-05-07', 'present', 'manual', NULL, NULL, '2026-05-07 12:52:17'),
(1555, 10, '2026-05-07', 'absent', 'manual', NULL, NULL, '2026-05-07 12:52:17'),
(1556, 11, '2026-05-07', 'present', 'manual', NULL, NULL, '2026-05-07 12:52:17'),
(1557, 12, '2026-05-07', 'present', 'manual', NULL, NULL, '2026-05-07 12:52:17'),
(1558, 14, '2026-05-07', 'present', 'manual', NULL, NULL, '2026-05-07 12:52:17'),
(1559, 15, '2026-05-07', 'present', 'manual', NULL, NULL, '2026-05-07 12:52:17'),
(1560, 16, '2026-05-07', 'present', 'manual', NULL, NULL, '2026-05-07 12:52:17'),
(1561, 17, '2026-05-07', 'present', 'manual', NULL, NULL, '2026-05-07 12:52:17'),
(1562, 18, '2026-05-07', 'present', 'manual', NULL, NULL, '2026-05-07 12:52:17'),
(1563, 21, '2026-05-07', 'present', 'manual', NULL, NULL, '2026-05-07 12:52:17'),
(1564, 22, '2026-05-07', 'present', 'manual', NULL, NULL, '2026-05-07 12:52:17'),
(1565, 23, '2026-05-07', 'present', 'manual', NULL, NULL, '2026-05-07 12:52:17'),
(1566, 2, '2026-05-06', 'present', 'manual', NULL, NULL, '2026-05-07 12:54:10'),
(1567, 4, '2026-05-06', 'present', 'manual', NULL, NULL, '2026-05-07 12:54:10'),
(1568, 5, '2026-05-06', 'present', 'manual', NULL, NULL, '2026-05-07 12:54:10'),
(1569, 6, '2026-05-06', 'present', 'manual', NULL, NULL, '2026-05-07 12:54:10'),
(1570, 7, '2026-05-06', 'present', 'manual', NULL, NULL, '2026-05-07 12:54:10'),
(1571, 8, '2026-05-06', 'present', 'manual', NULL, NULL, '2026-05-07 12:54:10'),
(1572, 9, '2026-05-06', 'present', 'manual', NULL, NULL, '2026-05-07 12:54:10'),
(1573, 10, '2026-05-06', 'present', 'manual', NULL, NULL, '2026-05-07 12:54:10'),
(1574, 11, '2026-05-06', 'present', 'manual', NULL, NULL, '2026-05-07 12:54:10'),
(1575, 12, '2026-05-06', 'present', 'manual', NULL, NULL, '2026-05-07 12:54:10'),
(1576, 14, '2026-05-06', 'present', 'manual', NULL, NULL, '2026-05-07 12:54:10'),
(1577, 15, '2026-05-06', 'present', 'manual', NULL, NULL, '2026-05-07 12:54:10'),
(1578, 16, '2026-05-06', 'present', 'manual', NULL, NULL, '2026-05-07 12:54:10'),
(1579, 17, '2026-05-06', 'present', 'manual', NULL, NULL, '2026-05-07 12:54:10'),
(1580, 18, '2026-05-06', 'present', 'manual', NULL, NULL, '2026-05-07 12:54:10'),
(1581, 21, '2026-05-06', 'present', 'manual', NULL, NULL, '2026-05-07 12:54:10'),
(1582, 22, '2026-05-06', 'present', 'manual', NULL, NULL, '2026-05-07 12:54:10'),
(1583, 23, '2026-05-06', 'present', 'manual', NULL, NULL, '2026-05-07 12:54:10'),
(1584, 2, '2026-05-09', 'present', 'manual', NULL, NULL, '2026-05-10 08:15:22'),
(1585, 4, '2026-05-09', 'present', 'manual', NULL, NULL, '2026-05-10 08:15:22'),
(1586, 5, '2026-05-09', 'present', 'manual', NULL, NULL, '2026-05-10 08:15:23'),
(1587, 6, '2026-05-09', 'present', 'manual', NULL, NULL, '2026-05-10 08:15:23'),
(1588, 7, '2026-05-09', 'present', 'manual', NULL, NULL, '2026-05-10 08:15:24'),
(1589, 8, '2026-05-09', 'present', 'manual', NULL, NULL, '2026-05-10 08:15:24'),
(1590, 9, '2026-05-09', 'present', 'manual', NULL, NULL, '2026-05-10 08:15:24'),
(1591, 10, '2026-05-09', 'present', 'manual', NULL, NULL, '2026-05-10 08:15:25'),
(1592, 11, '2026-05-09', 'present', 'manual', NULL, NULL, '2026-05-10 08:15:25'),
(1593, 12, '2026-05-09', 'present', 'manual', NULL, NULL, '2026-05-10 08:15:26'),
(1594, 14, '2026-05-09', 'present', 'manual', NULL, NULL, '2026-05-10 08:15:26'),
(1595, 15, '2026-05-09', 'present', 'manual', NULL, NULL, '2026-05-10 08:15:26'),
(1596, 16, '2026-05-09', 'present', 'manual', NULL, NULL, '2026-05-10 08:15:27'),
(1597, 17, '2026-05-09', 'present', 'manual', NULL, NULL, '2026-05-10 08:15:27'),
(1598, 18, '2026-05-09', 'present', 'manual', NULL, NULL, '2026-05-10 08:15:28'),
(1599, 21, '2026-05-09', 'present', 'manual', NULL, NULL, '2026-05-10 08:15:28'),
(1600, 22, '2026-05-09', 'present', 'manual', NULL, NULL, '2026-05-10 08:15:29'),
(1601, 23, '2026-05-09', 'present', 'manual', NULL, NULL, '2026-05-10 08:15:29'),
(1602, 2, '2026-05-08', 'present', 'manual', NULL, NULL, '2026-05-10 08:15:33'),
(1603, 4, '2026-05-08', 'present', 'manual', NULL, NULL, '2026-05-10 08:15:33'),
(1604, 5, '2026-05-08', 'present', 'manual', NULL, NULL, '2026-05-10 08:15:34'),
(1605, 6, '2026-05-08', 'present', 'manual', NULL, NULL, '2026-05-10 08:15:34'),
(1606, 7, '2026-05-08', 'present', 'manual', NULL, NULL, '2026-05-10 08:15:35'),
(1607, 8, '2026-05-08', 'present', 'manual', NULL, NULL, '2026-05-10 08:15:35'),
(1608, 9, '2026-05-08', 'present', 'manual', NULL, NULL, '2026-05-10 08:15:35'),
(1609, 10, '2026-05-08', 'present', 'manual', NULL, NULL, '2026-05-10 08:15:36'),
(1610, 11, '2026-05-08', 'present', 'manual', NULL, NULL, '2026-05-10 08:15:36'),
(1611, 12, '2026-05-08', 'present', 'manual', NULL, NULL, '2026-05-10 08:15:37'),
(1612, 14, '2026-05-08', 'present', 'manual', NULL, NULL, '2026-05-10 08:15:37'),
(1613, 15, '2026-05-08', 'present', 'manual', NULL, NULL, '2026-05-10 08:15:37'),
(1614, 16, '2026-05-08', 'present', 'manual', NULL, NULL, '2026-05-10 08:15:38'),
(1615, 17, '2026-05-08', 'present', 'manual', NULL, NULL, '2026-05-10 08:15:38'),
(1616, 18, '2026-05-08', 'present', 'manual', NULL, NULL, '2026-05-10 08:15:39'),
(1617, 21, '2026-05-08', 'present', 'manual', NULL, NULL, '2026-05-10 08:15:39'),
(1618, 22, '2026-05-08', 'present', 'manual', NULL, NULL, '2026-05-10 08:15:39'),
(1619, 23, '2026-05-08', 'present', 'manual', NULL, NULL, '2026-05-10 08:15:40'),
(1620, 2, '2026-05-13', 'present', 'manual', NULL, NULL, '2026-05-13 17:14:02'),
(1621, 4, '2026-05-13', 'present', 'manual', NULL, NULL, '2026-05-13 17:14:02'),
(1622, 5, '2026-05-13', 'present', 'manual', NULL, NULL, '2026-05-13 17:14:02'),
(1623, 6, '2026-05-13', 'present', 'manual', NULL, NULL, '2026-05-13 17:14:02'),
(1624, 7, '2026-05-13', 'present', 'manual', NULL, NULL, '2026-05-13 17:14:02'),
(1625, 8, '2026-05-13', 'present', 'manual', NULL, NULL, '2026-05-13 17:14:02'),
(1626, 9, '2026-05-13', 'present', 'manual', NULL, NULL, '2026-05-13 17:14:02'),
(1627, 10, '2026-05-13', 'present', 'manual', NULL, NULL, '2026-05-13 17:14:02'),
(1628, 11, '2026-05-13', 'present', 'manual', NULL, NULL, '2026-05-13 17:14:02'),
(1629, 12, '2026-05-13', 'present', 'manual', NULL, NULL, '2026-05-13 17:14:02'),
(1630, 14, '2026-05-13', 'present', 'manual', NULL, NULL, '2026-05-13 17:14:02'),
(1631, 15, '2026-05-13', 'absent', 'manual', NULL, NULL, '2026-05-13 17:14:02'),
(1632, 16, '2026-05-13', 'present', 'manual', NULL, NULL, '2026-05-13 17:14:02'),
(1633, 17, '2026-05-13', 'present', 'manual', NULL, NULL, '2026-05-13 17:14:02'),
(1634, 18, '2026-05-13', 'present', 'manual', NULL, NULL, '2026-05-13 17:14:02'),
(1635, 21, '2026-05-13', 'present', 'manual', NULL, NULL, '2026-05-13 17:14:02'),
(1636, 22, '2026-05-13', 'present', 'manual', NULL, NULL, '2026-05-13 17:14:02'),
(1637, 23, '2026-05-13', 'present', 'manual', NULL, NULL, '2026-05-13 17:14:02'),
(1638, 2, '2026-05-11', 'present', 'manual', NULL, NULL, '2026-05-13 17:14:18'),
(1639, 4, '2026-05-11', 'present', 'manual', NULL, NULL, '2026-05-13 17:14:18'),
(1640, 5, '2026-05-11', 'present', 'manual', NULL, NULL, '2026-05-13 17:14:18'),
(1641, 6, '2026-05-11', 'present', 'manual', NULL, NULL, '2026-05-13 17:14:18'),
(1642, 7, '2026-05-11', 'present', 'manual', NULL, NULL, '2026-05-13 17:14:18'),
(1643, 8, '2026-05-11', 'present', 'manual', NULL, NULL, '2026-05-13 17:14:18'),
(1644, 9, '2026-05-11', 'present', 'manual', NULL, NULL, '2026-05-13 17:14:18'),
(1645, 10, '2026-05-11', 'present', 'manual', NULL, NULL, '2026-05-13 17:14:18'),
(1646, 11, '2026-05-11', 'present', 'manual', NULL, NULL, '2026-05-13 17:14:18'),
(1647, 12, '2026-05-11', 'present', 'manual', NULL, NULL, '2026-05-13 17:14:18'),
(1648, 14, '2026-05-11', 'present', 'manual', NULL, NULL, '2026-05-13 17:14:18'),
(1649, 15, '2026-05-11', 'half_day', 'manual', NULL, NULL, '2026-05-13 17:14:18'),
(1650, 16, '2026-05-11', 'present', 'manual', NULL, NULL, '2026-05-13 17:14:18'),
(1651, 17, '2026-05-11', 'present', 'manual', NULL, NULL, '2026-05-13 17:14:18'),
(1652, 18, '2026-05-11', 'present', 'manual', NULL, NULL, '2026-05-13 17:14:18'),
(1653, 21, '2026-05-11', 'present', 'manual', NULL, NULL, '2026-05-13 17:14:18'),
(1654, 22, '2026-05-11', 'present', 'manual', NULL, NULL, '2026-05-13 17:14:18'),
(1655, 23, '2026-05-11', 'present', 'manual', NULL, NULL, '2026-05-13 17:14:18'),
(1656, 2, '2026-05-10', 'present', 'manual', NULL, NULL, '2026-05-13 17:14:42'),
(1657, 4, '2026-05-10', 'present', 'manual', NULL, NULL, '2026-05-13 17:14:42'),
(1658, 5, '2026-05-10', 'present', 'manual', NULL, NULL, '2026-05-13 17:14:42'),
(1659, 6, '2026-05-10', 'present', 'manual', NULL, NULL, '2026-05-13 17:14:42'),
(1660, 7, '2026-05-10', 'present', 'manual', NULL, NULL, '2026-05-13 17:14:42'),
(1661, 8, '2026-05-10', 'present', 'manual', NULL, NULL, '2026-05-13 17:14:42'),
(1662, 9, '2026-05-10', 'present', 'manual', NULL, NULL, '2026-05-13 17:14:42'),
(1663, 10, '2026-05-10', 'present', 'manual', NULL, NULL, '2026-05-13 17:14:42'),
(1664, 11, '2026-05-10', 'present', 'manual', NULL, NULL, '2026-05-13 17:14:42'),
(1665, 12, '2026-05-10', 'present', 'manual', NULL, NULL, '2026-05-13 17:14:42'),
(1666, 14, '2026-05-10', 'present', 'manual', NULL, NULL, '2026-05-13 17:14:42'),
(1667, 15, '2026-05-10', 'present', 'manual', NULL, NULL, '2026-05-13 17:14:42'),
(1668, 16, '2026-05-10', 'present', 'manual', NULL, NULL, '2026-05-13 17:14:42'),
(1669, 17, '2026-05-10', 'present', 'manual', NULL, NULL, '2026-05-13 17:14:42'),
(1670, 18, '2026-05-10', 'present', 'manual', NULL, NULL, '2026-05-13 17:14:42'),
(1671, 21, '2026-05-10', 'present', 'manual', NULL, NULL, '2026-05-13 17:14:42'),
(1672, 22, '2026-05-10', 'present', 'manual', NULL, NULL, '2026-05-13 17:14:42'),
(1673, 23, '2026-05-10', 'present', 'manual', NULL, NULL, '2026-05-13 17:14:42'),
(1674, 15, '2026-05-12', 'absent', 'manual', NULL, NULL, '2026-05-14 11:24:53'),
(1675, 2, '2026-05-14', 'present', 'manual', NULL, NULL, '2026-05-14 11:25:30'),
(1676, 4, '2026-05-14', 'present', 'manual', NULL, NULL, '2026-05-14 11:25:30'),
(1677, 5, '2026-05-14', 'present', 'manual', NULL, NULL, '2026-05-14 11:25:30'),
(1678, 6, '2026-05-14', 'present', 'manual', NULL, NULL, '2026-05-14 11:25:31'),
(1679, 7, '2026-05-14', 'present', 'manual', NULL, NULL, '2026-05-14 11:25:31'),
(1680, 8, '2026-05-14', 'absent', 'manual', NULL, NULL, '2026-05-14 11:25:31'),
(1681, 9, '2026-05-14', 'present', 'manual', NULL, NULL, '2026-05-14 11:25:32'),
(1682, 10, '2026-05-14', 'present', 'manual', NULL, NULL, '2026-05-14 11:25:32'),
(1683, 11, '2026-05-14', 'present', 'manual', NULL, NULL, '2026-05-14 11:25:32'),
(1684, 12, '2026-05-14', 'present', 'manual', NULL, NULL, '2026-05-14 11:25:33'),
(1685, 14, '2026-05-14', 'present', 'manual', NULL, NULL, '2026-05-14 11:25:33'),
(1686, 15, '2026-05-14', 'half_day', 'manual', NULL, NULL, '2026-05-14 11:25:33'),
(1687, 16, '2026-05-14', 'present', 'manual', NULL, NULL, '2026-05-14 11:25:34'),
(1688, 17, '2026-05-14', 'present', 'manual', NULL, NULL, '2026-05-14 11:25:34'),
(1689, 18, '2026-05-14', 'present', 'manual', NULL, NULL, '2026-05-14 11:25:34'),
(1690, 21, '2026-05-14', 'present', 'manual', NULL, NULL, '2026-05-14 11:25:35'),
(1691, 22, '2026-05-14', 'present', 'manual', NULL, NULL, '2026-05-14 11:25:35'),
(1692, 23, '2026-05-14', 'present', 'manual', NULL, NULL, '2026-05-14 11:25:35'),
(1693, 2, '2026-05-15', 'present', 'manual', NULL, NULL, '2026-05-16 10:24:22'),
(1694, 4, '2026-05-15', 'present', 'manual', NULL, NULL, '2026-05-16 10:24:22'),
(1695, 5, '2026-05-15', 'present', 'manual', NULL, NULL, '2026-05-16 10:24:22'),
(1696, 6, '2026-05-15', 'present', 'manual', NULL, NULL, '2026-05-16 10:24:23'),
(1697, 7, '2026-05-15', 'present', 'manual', NULL, NULL, '2026-05-16 10:24:23'),
(1698, 8, '2026-05-15', 'absent', 'manual', NULL, NULL, '2026-05-16 10:24:23'),
(1699, 9, '2026-05-15', 'present', 'manual', NULL, NULL, '2026-05-16 10:24:24'),
(1700, 10, '2026-05-15', 'present', 'manual', NULL, NULL, '2026-05-16 10:24:24'),
(1701, 11, '2026-05-15', 'present', 'manual', NULL, NULL, '2026-05-16 10:24:24'),
(1702, 12, '2026-05-15', 'present', 'manual', NULL, NULL, '2026-05-16 10:24:25'),
(1703, 14, '2026-05-15', 'present', 'manual', NULL, NULL, '2026-05-16 10:24:25'),
(1704, 15, '2026-05-15', 'present', 'manual', NULL, NULL, '2026-05-16 10:24:25'),
(1705, 16, '2026-05-15', 'present', 'manual', NULL, NULL, '2026-05-16 10:24:26'),
(1706, 17, '2026-05-15', 'present', 'manual', NULL, NULL, '2026-05-16 10:24:26'),
(1707, 18, '2026-05-15', 'present', 'manual', NULL, NULL, '2026-05-16 10:24:26'),
(1708, 21, '2026-05-15', 'present', 'manual', NULL, NULL, '2026-05-16 10:24:27'),
(1709, 22, '2026-05-15', 'present', 'manual', NULL, NULL, '2026-05-16 10:24:27'),
(1710, 23, '2026-05-15', 'present', 'manual', NULL, NULL, '2026-05-16 10:24:27'),
(1711, 2, '2026-05-16', 'present', 'manual', NULL, NULL, '2026-05-16 10:57:48'),
(1712, 4, '2026-05-16', 'present', 'manual', NULL, NULL, '2026-05-17 09:15:30'),
(1713, 6, '2026-05-16', 'present', 'manual', NULL, NULL, '2026-05-17 09:15:30'),
(1714, 7, '2026-05-16', 'present', 'manual', NULL, NULL, '2026-05-17 09:15:30'),
(1715, 8, '2026-05-16', 'present', 'manual', NULL, NULL, '2026-05-17 09:15:30'),
(1716, 9, '2026-05-16', 'present', 'manual', NULL, NULL, '2026-05-17 09:15:30'),
(1717, 10, '2026-05-16', 'present', 'manual', NULL, NULL, '2026-05-17 09:15:30'),
(1718, 11, '2026-05-16', 'present', 'manual', NULL, NULL, '2026-05-17 09:15:30'),
(1719, 12, '2026-05-16', 'present', 'manual', NULL, NULL, '2026-05-17 09:15:30'),
(1720, 14, '2026-05-16', 'present', 'manual', NULL, NULL, '2026-05-17 09:15:30'),
(1721, 15, '2026-05-16', 'present', 'manual', NULL, NULL, '2026-05-17 09:15:30'),
(1722, 16, '2026-05-16', 'present', 'manual', NULL, NULL, '2026-05-17 09:15:30'),
(1723, 17, '2026-05-16', 'present', 'manual', NULL, NULL, '2026-05-17 09:15:30'),
(1724, 18, '2026-05-16', 'present', 'manual', NULL, NULL, '2026-05-17 09:15:30'),
(1725, 21, '2026-05-16', 'present', 'manual', NULL, NULL, '2026-05-17 09:15:30'),
(1726, 22, '2026-05-16', 'present', 'manual', NULL, NULL, '2026-05-17 09:15:30'),
(1727, 23, '2026-05-16', 'present', 'manual', NULL, NULL, '2026-05-17 09:15:30'),
(1728, 5, '2026-05-16', 'present', 'manual', NULL, NULL, '2026-05-17 09:16:15'),
(1729, 2, '2026-05-17', 'present', 'manual', NULL, NULL, '2026-05-17 15:14:15'),
(1730, 4, '2026-05-17', 'present', 'manual', NULL, NULL, '2026-05-17 15:14:47'),
(1731, 5, '2026-05-17', 'absent', 'manual', NULL, NULL, '2026-05-17 15:14:47'),
(1732, 6, '2026-05-17', 'present', 'manual', NULL, NULL, '2026-05-17 15:14:48'),
(1733, 7, '2026-05-17', 'present', 'manual', NULL, NULL, '2026-05-17 15:14:48'),
(1734, 8, '2026-05-17', 'present', 'manual', NULL, NULL, '2026-05-17 15:14:48'),
(1735, 9, '2026-05-17', 'present', 'manual', NULL, NULL, '2026-05-17 15:14:49'),
(1736, 10, '2026-05-17', 'present', 'manual', NULL, NULL, '2026-05-17 15:14:49'),
(1737, 11, '2026-05-17', 'present', 'manual', NULL, NULL, '2026-05-17 15:14:49'),
(1738, 12, '2026-05-17', 'present', 'manual', NULL, NULL, '2026-05-17 15:14:50'),
(1739, 14, '2026-05-17', 'present', 'manual', NULL, NULL, '2026-05-17 15:14:50'),
(1740, 15, '2026-05-17', 'present', 'manual', NULL, NULL, '2026-05-17 15:14:50'),
(1741, 16, '2026-05-17', 'present', 'manual', NULL, NULL, '2026-05-17 15:14:51'),
(1742, 17, '2026-05-17', 'present', 'manual', NULL, NULL, '2026-05-17 15:14:51'),
(1743, 18, '2026-05-17', 'present', 'manual', NULL, NULL, '2026-05-17 15:14:51'),
(1744, 21, '2026-05-17', 'present', 'manual', NULL, NULL, '2026-05-17 15:14:52'),
(1745, 22, '2026-05-17', 'present', 'manual', NULL, NULL, '2026-05-17 15:14:52'),
(1746, 23, '2026-05-17', 'present', 'manual', NULL, NULL, '2026-05-17 15:14:52'),
(1747, 2, '2026-05-18', 'present', 'manual', NULL, NULL, '2026-05-18 23:02:29'),
(1748, 4, '2026-05-18', 'present', 'manual', NULL, NULL, '2026-05-18 23:02:29'),
(1749, 6, '2026-05-18', 'present', 'manual', NULL, NULL, '2026-05-18 23:02:29'),
(1750, 7, '2026-05-18', 'present', 'manual', NULL, NULL, '2026-05-18 23:02:29'),
(1751, 8, '2026-05-18', 'present', 'manual', NULL, NULL, '2026-05-18 23:02:29'),
(1752, 9, '2026-05-18', 'present', 'manual', NULL, NULL, '2026-05-18 23:02:29'),
(1753, 10, '2026-05-18', 'present', 'manual', NULL, NULL, '2026-05-18 23:02:29'),
(1754, 11, '2026-05-18', 'present', 'manual', NULL, NULL, '2026-05-18 23:02:29'),
(1755, 12, '2026-05-18', 'present', 'manual', NULL, NULL, '2026-05-18 23:02:29'),
(1756, 14, '2026-05-18', 'present', 'manual', NULL, NULL, '2026-05-18 23:02:29'),
(1757, 15, '2026-05-18', 'present', 'manual', NULL, NULL, '2026-05-18 23:02:29'),
(1758, 16, '2026-05-18', 'present', 'manual', NULL, NULL, '2026-05-18 23:02:29'),
(1759, 17, '2026-05-18', 'present', 'manual', NULL, NULL, '2026-05-18 23:02:29'),
(1760, 18, '2026-05-18', 'present', 'manual', NULL, NULL, '2026-05-18 23:02:29'),
(1761, 21, '2026-05-18', 'present', 'manual', NULL, NULL, '2026-05-18 23:02:29'),
(1762, 22, '2026-05-18', 'present', 'manual', NULL, NULL, '2026-05-18 23:02:29'),
(1763, 23, '2026-05-18', 'present', 'manual', NULL, NULL, '2026-05-18 23:02:29'),
(1764, 2, '2026-05-20', 'present', 'manual', NULL, NULL, '2026-05-20 17:30:09'),
(1765, 4, '2026-05-20', 'present', 'manual', NULL, NULL, '2026-05-20 17:30:09'),
(1766, 6, '2026-05-20', 'present', 'manual', NULL, NULL, '2026-05-20 17:30:09'),
(1767, 7, '2026-05-20', 'present', 'manual', NULL, NULL, '2026-05-20 17:30:10'),
(1768, 8, '2026-05-20', 'present', 'manual', NULL, NULL, '2026-05-20 17:30:10'),
(1769, 9, '2026-05-20', 'present', 'manual', NULL, NULL, '2026-05-20 17:30:10'),
(1770, 10, '2026-05-20', 'present', 'manual', NULL, NULL, '2026-05-20 17:30:11'),
(1771, 11, '2026-05-20', 'absent', 'manual', NULL, NULL, '2026-05-20 17:30:11'),
(1772, 12, '2026-05-20', 'present', 'manual', NULL, NULL, '2026-05-20 17:30:11'),
(1773, 14, '2026-05-20', 'present', 'manual', NULL, NULL, '2026-05-20 17:30:12'),
(1774, 15, '2026-05-20', 'present', 'manual', NULL, NULL, '2026-05-20 17:30:12'),
(1775, 16, '2026-05-20', 'present', 'manual', NULL, NULL, '2026-05-20 17:30:12'),
(1776, 17, '2026-05-20', 'present', 'manual', NULL, NULL, '2026-05-20 17:30:12'),
(1777, 18, '2026-05-20', 'present', 'manual', NULL, NULL, '2026-05-20 17:30:13'),
(1778, 21, '2026-05-20', 'absent', 'manual', NULL, NULL, '2026-05-20 17:30:13'),
(1779, 22, '2026-05-20', 'present', 'manual', NULL, NULL, '2026-05-20 17:30:13'),
(1780, 23, '2026-05-20', 'present', 'manual', NULL, NULL, '2026-05-20 17:30:14'),
(1781, 11, '2026-05-19', 'absent', 'manual', NULL, NULL, '2026-05-20 17:30:44'),
(1782, 21, '2026-05-19', 'absent', 'manual', NULL, NULL, '2026-05-20 17:36:11'),
(1783, 11, '2026-05-21', 'present', 'manual', NULL, NULL, '2026-05-21 14:43:04'),
(1784, 4, '2026-05-22', 'present', 'manual', NULL, NULL, '2026-05-22 20:27:19'),
(1785, 6, '2026-05-22', 'present', 'manual', NULL, NULL, '2026-05-22 20:27:19'),
(1786, 7, '2026-05-22', 'present', 'manual', NULL, NULL, '2026-05-22 20:27:19'),
(1787, 8, '2026-05-22', 'present', 'manual', NULL, NULL, '2026-05-22 20:27:19'),
(1788, 9, '2026-05-22', 'present', 'manual', NULL, NULL, '2026-05-22 20:27:19'),
(1789, 10, '2026-05-22', 'present', 'manual', NULL, NULL, '2026-05-22 20:27:19'),
(1790, 11, '2026-05-22', 'present', 'manual', NULL, NULL, '2026-05-22 20:27:19'),
(1791, 12, '2026-05-22', 'present', 'manual', NULL, NULL, '2026-05-22 20:27:19'),
(1792, 14, '2026-05-22', 'present', 'manual', NULL, NULL, '2026-05-22 20:27:19'),
(1793, 15, '2026-05-22', 'present', 'manual', NULL, NULL, '2026-05-22 20:27:19'),
(1794, 16, '2026-05-22', 'present', 'manual', NULL, NULL, '2026-05-22 20:27:19'),
(1795, 17, '2026-05-22', 'present', 'manual', NULL, NULL, '2026-05-22 20:27:19'),
(1796, 18, '2026-05-22', 'present', 'manual', NULL, NULL, '2026-05-22 20:27:19'),
(1797, 21, '2026-05-22', 'absent', 'manual', NULL, NULL, '2026-05-22 20:27:19'),
(1798, 22, '2026-05-22', 'present', 'manual', NULL, NULL, '2026-05-22 20:27:19'),
(1799, 23, '2026-05-22', 'present', 'manual', NULL, NULL, '2026-05-22 20:27:19'),
(1800, 2, '2026-05-21', 'present', 'manual', NULL, NULL, '2026-05-22 20:27:48'),
(1801, 4, '2026-05-21', 'present', 'manual', NULL, NULL, '2026-05-22 20:27:48'),
(1802, 6, '2026-05-21', 'present', 'manual', NULL, NULL, '2026-05-22 20:27:48'),
(1803, 7, '2026-05-21', 'present', 'manual', NULL, NULL, '2026-05-22 20:27:48'),
(1804, 8, '2026-05-21', 'present', 'manual', NULL, NULL, '2026-05-22 20:27:48'),
(1805, 9, '2026-05-21', 'present', 'manual', NULL, NULL, '2026-05-22 20:27:48'),
(1806, 10, '2026-05-21', 'present', 'manual', NULL, NULL, '2026-05-22 20:27:48'),
(1807, 12, '2026-05-21', 'present', 'manual', NULL, NULL, '2026-05-22 20:27:48'),
(1808, 14, '2026-05-21', 'present', 'manual', NULL, NULL, '2026-05-22 20:27:48'),
(1809, 15, '2026-05-21', 'present', 'manual', NULL, NULL, '2026-05-22 20:27:48'),
(1810, 16, '2026-05-21', 'present', 'manual', NULL, NULL, '2026-05-22 20:27:48'),
(1811, 17, '2026-05-21', 'present', 'manual', NULL, NULL, '2026-05-22 20:27:48'),
(1812, 18, '2026-05-21', 'present', 'manual', NULL, NULL, '2026-05-22 20:27:48'),
(1813, 21, '2026-05-21', 'absent', 'manual', NULL, NULL, '2026-05-22 20:27:48'),
(1814, 22, '2026-05-21', 'present', 'manual', NULL, NULL, '2026-05-22 20:27:48'),
(1815, 23, '2026-05-21', 'present', 'manual', NULL, NULL, '2026-05-22 20:27:48');

-- --------------------------------------------------------

--
-- Table structure for table `ci_sessions`
--

CREATE TABLE `ci_sessions` (
  `id` varchar(128) NOT NULL,
  `ip_address` varchar(45) NOT NULL,
  `timestamp` timestamp NOT NULL DEFAULT current_timestamp(),
  `data` blob NOT NULL
) ENGINE=InnoDB DEFAULT CHARSET=utf8mb4 COLLATE=utf8mb4_general_ci;

-- --------------------------------------------------------

--
-- Table structure for table `employees`
--

CREATE TABLE `employees` (
  `id` int(10) UNSIGNED NOT NULL,
  `name` varchar(255) NOT NULL,
  `mobile` varchar(15) NOT NULL,
  `alternate_mobile` varchar(15) DEFAULT NULL,
  `father_name` varchar(255) DEFAULT NULL,
  `date_of_birth` date DEFAULT NULL,
  `role` varchar(50) DEFAULT NULL,
  `monthly_salary` decimal(10,2) NOT NULL,
  `join_date` date DEFAULT NULL,
  `profile_image` varchar(255) DEFAULT NULL,
  `status` enum('active','inactive') DEFAULT 'active',
  `created_at` timestamp NULL DEFAULT NULL
) ENGINE=InnoDB DEFAULT CHARSET=utf8mb4 COLLATE=utf8mb4_general_ci;

--
-- Dumping data for table `employees`
--

INSERT INTO `employees` (`id`, `name`, `mobile`, `alternate_mobile`, `father_name`, `date_of_birth`, `role`, `monthly_salary`, `join_date`, `profile_image`, `status`, `created_at`) VALUES
(2, 'Ajara', '9005770491', NULL, NULL, NULL, NULL, 6000.00, '2026-01-31', NULL, 'active', '2026-02-05 13:58:24'),
(4, 'Akhilesh Kumar', '9628717190', NULL, NULL, NULL, 'Staff', 9000.00, '2026-01-31', NULL, 'active', '2026-02-05 14:01:04'),
(5, 'Anil Kumar Rai', '9628487745', NULL, NULL, NULL, 'Staff', 11000.00, '2026-01-31', NULL, 'inactive', '2026-02-05 14:01:47'),
(6, 'Kajal', '8840364072', NULL, NULL, NULL, 'Staff', 8500.00, '2026-01-31', NULL, 'active', '2026-02-05 14:02:47'),
(7, 'Neeraj', '8576959518', NULL, NULL, NULL, 'Staff', 12000.00, '2026-01-31', NULL, 'active', '2026-02-05 14:03:19'),
(8, 'Priyanka', '7398868505', NULL, NULL, NULL, 'Staff', 10000.00, '2026-01-31', NULL, 'active', '2026-02-05 14:04:06'),
(9, 'Rishu', '9129074041', NULL, NULL, NULL, 'Staff', 9000.00, '2026-01-31', NULL, 'active', '2026-02-05 14:04:45'),
(10, 'Rubi', '8707682916', NULL, NULL, NULL, 'Staff', 6500.00, '2026-01-31', NULL, 'active', '2026-02-05 14:05:17'),
(11, 'Sachin Pathak', '9628752071', NULL, NULL, NULL, NULL, 15000.00, '2026-01-31', NULL, 'active', '2026-02-05 14:05:56'),
(12, 'Sillu', '9170251424', NULL, NULL, NULL, NULL, 9000.00, '2026-01-31', NULL, 'active', '2026-02-05 14:06:32'),
(14, 'Vishal Prajapati', '8858168116', NULL, NULL, NULL, 'Staff', 9000.00, '2026-01-31', NULL, 'active', '2026-02-05 14:08:08'),
(15, 'Vishal Yadav', '6389725567', NULL, NULL, NULL, 'Staff', 10000.00, '2026-01-31', NULL, 'active', '2026-02-05 14:08:59'),
(16, 'Vijendra Prajapati', '8853401029', NULL, NULL, NULL, NULL, 15000.00, '2026-01-31', NULL, 'active', '2026-02-05 14:09:53'),
(17, 'Narendra Prajapati', '7607364294', NULL, NULL, NULL, NULL, 15000.00, '2026-01-31', '/uploads/employees/1771734914_29e9b4c63816b5302caa.jpg', 'active', '2026-02-05 14:10:36'),
(18, 'Sandeep Prajapati', '9628717175', NULL, NULL, NULL, NULL, 15000.00, '2026-01-31', '/uploads/employees/1771855103_c562025455cdf12f033f.jpg', 'active', '2026-02-05 14:10:56'),
(21, 'Ashish', '', NULL, NULL, NULL, NULL, 8000.00, '2026-03-13', NULL, 'active', '2026-04-01 20:07:48'),
(22, 'Deepak', '8400353113', NULL, 'Ramsevak', NULL, 'Staff', 9000.00, '2026-04-04', NULL, 'active', '2026-04-08 13:13:58'),
(23, 'Mohit Kumar', '8400353113', NULL, 'Ramlakhan', NULL, 'Staff', 8000.00, '2026-04-04', NULL, 'active', '2026-04-08 13:15:11');

-- --------------------------------------------------------

--
-- Table structure for table `hold_salary`
--

CREATE TABLE `hold_salary` (
  `id` int(11) UNSIGNED NOT NULL,
  `employee_id` int(11) UNSIGNED NOT NULL,
  `initial_hold_days` decimal(10,2) NOT NULL,
  `remaining_hold_days` decimal(10,2) NOT NULL,
  `daily_rate` decimal(10,2) NOT NULL,
  `payroll_id` int(11) UNSIGNED DEFAULT NULL,
  `total` decimal(10,2) NOT NULL,
  `status` enum('active','released','cancelled') DEFAULT 'active',
  `created_at` datetime DEFAULT NULL,
  `updated_at` datetime DEFAULT NULL
) ENGINE=InnoDB DEFAULT CHARSET=utf8mb4 COLLATE=utf8mb4_unicode_ci;

--
-- Dumping data for table `hold_salary`
--

INSERT INTO `hold_salary` (`id`, `employee_id`, `initial_hold_days`, `remaining_hold_days`, `daily_rate`, `payroll_id`, `total`, `status`, `created_at`, `updated_at`) VALUES
(1, 21, 10.00, 0.00, 267.00, NULL, 0.00, 'released', '2026-04-01 20:09:27', '2026-04-01 20:11:39'),
(2, 22, 10.00, 10.00, 300.00, NULL, 3000.00, 'active', '2026-05-01 17:04:48', '2026-05-01 17:04:48'),
(3, 23, 10.00, 10.00, 300.00, NULL, 3000.00, 'active', '2026-05-01 17:05:32', '2026-05-01 17:05:32'),
(4, 21, 10.00, 10.00, 267.00, NULL, 2667.00, 'active', '2026-05-01 17:13:09', '2026-05-01 17:13:09');

-- --------------------------------------------------------

--
-- Table structure for table `hold_salary_releases`
--

CREATE TABLE `hold_salary_releases` (
  `id` int(10) UNSIGNED NOT NULL,
  `hold_salary_id` int(10) UNSIGNED NOT NULL,
  `payroll_id` int(10) UNSIGNED NOT NULL,
  `release_type` enum('auto','manual') NOT NULL DEFAULT 'auto',
  `days_released` decimal(5,2) NOT NULL DEFAULT 0.00,
  `amount_released` decimal(10,2) NOT NULL DEFAULT 0.00,
  `notes` text DEFAULT NULL,
  `created_at` timestamp NULL DEFAULT NULL
) ENGINE=InnoDB DEFAULT CHARSET=utf8mb4 COLLATE=utf8mb4_general_ci;

-- --------------------------------------------------------

--
-- Table structure for table `migrations`
--

CREATE TABLE `migrations` (
  `id` bigint(20) UNSIGNED NOT NULL,
  `version` varchar(255) NOT NULL,
  `class` varchar(255) NOT NULL,
  `group` varchar(255) NOT NULL,
  `namespace` varchar(255) NOT NULL,
  `time` int(11) NOT NULL,
  `batch` int(11) UNSIGNED NOT NULL
) ENGINE=InnoDB DEFAULT CHARSET=utf8mb4 COLLATE=utf8mb4_general_ci;

--
-- Dumping data for table `migrations`
--

INSERT INTO `migrations` (`id`, `version`, `class`, `group`, `namespace`, `time`, `batch`) VALUES
(1, '2026-02-05-000001', 'App\\Database\\Migrations\\AllTablesFromDbSchema', 'default', 'App', 1770468677, 1),
(2, '2026-02-05-100000', 'App\\Database\\Migrations\\AdvanceOvertimeFineAndPayrollRename', 'default', 'App', 1770468677, 1),
(3, '2026-02-05-200000', 'App\\Database\\Migrations\\AdvanceOvertimeFineTypeAmount', 'default', 'App', 1770468677, 1),
(4, '2026-02-05-300000', 'App\\Database\\Migrations\\AddJoinDateToEmployees', 'default', 'App', 1770468677, 1),
(5, '2026-02-05-400000', 'App\\Database\\Migrations\\AddRepayMonthsToAdvance', 'default', 'App', 1770468677, 1),
(6, '2026-02-07-133000', 'App\\Database\\Migrations\\ForceAddRepayMonths', 'default', 'App', 1770469876, 2),
(7, '2026_02_08_000001', 'App\\Database\\Migrations\\AddWeekendColumnsToPayroll', 'default', 'App', 1770504687, 3),
(8, '2026_02_09_000001', 'App\\Database\\Migrations\\HoldSalaryTables', 'default', 'App', 1770512343, 4),
(9, '2026_02_09_000002', 'App\\Database\\Migrations\\AddHoldDeductionToPayroll', 'default', 'App', 1770514631, 5),
(10, '2026_02_10_000001', 'App\\Database\\Migrations\\AddSourceToAttendance', 'default', 'App', 1770533898, 6),
(11, '2026_02_11_000001', 'App\\Database\\Migrations\\HoldSalaryMultipleRowsAndPayrollId', 'default', 'App', 1770542502, 7),
(12, '2026_02_11_000002', 'App\\Database\\Migrations\\DropHoldSalaryUniqueEmployee', 'default', 'App', 1770543240, 8);

-- --------------------------------------------------------

--
-- Table structure for table `payroll`
--

CREATE TABLE `payroll` (
  `id` int(10) UNSIGNED NOT NULL,
  `employee_id` int(10) UNSIGNED NOT NULL,
  `month` int(11) NOT NULL,
  `year` int(11) NOT NULL,
  `total_days` int(11) NOT NULL,
  `days_divisor` int(11) NOT NULL DEFAULT 30,
  `present_days` int(11) NOT NULL,
  `half_days` int(11) NOT NULL,
  `absent_days` int(11) NOT NULL,
  `weekend_holiday_days` int(11) DEFAULT 0,
  `weekend_absent_days` int(11) DEFAULT 0,
  `weekend_holiday_amount` decimal(10,2) DEFAULT 0.00,
  `base_salary` decimal(10,2) NOT NULL,
  `overtime` decimal(10,2) DEFAULT 0.00,
  `fine` decimal(10,2) DEFAULT 0.00,
  `advance_deduction` decimal(10,2) DEFAULT 0.00,
  `deduction` decimal(10,2) DEFAULT 0.00,
  `hold_salary_released` decimal(10,2) DEFAULT 0.00,
  `hold_deduction` decimal(10,2) DEFAULT 0.00,
  `total_salary` decimal(10,2) NOT NULL,
  `paid` tinyint(1) DEFAULT 0,
  `created_at` timestamp NULL DEFAULT NULL,
  `updated_at` timestamp NULL DEFAULT NULL
) ENGINE=InnoDB DEFAULT CHARSET=utf8mb4 COLLATE=utf8mb4_general_ci;

--
-- Dumping data for table `payroll`
--

INSERT INTO `payroll` (`id`, `employee_id`, `month`, `year`, `total_days`, `days_divisor`, `present_days`, `half_days`, `absent_days`, `weekend_holiday_days`, `weekend_absent_days`, `weekend_holiday_amount`, `base_salary`, `overtime`, `fine`, `advance_deduction`, `deduction`, `hold_salary_released`, `hold_deduction`, `total_salary`, `paid`, `created_at`, `updated_at`) VALUES
(64, 2, 2, 2026, 24, 30, 24, 0, 0, 4, 0, 800.00, 6000.00, 0.00, 0.00, 0.00, 0.00, 0.00, 0.00, 5600.00, 1, '2026-03-01 11:40:41', NULL),
(65, 4, 2, 2026, 24, 30, 24, 0, 0, 4, 0, 1066.67, 8000.00, 0.00, 0.00, 2000.00, 0.00, 0.00, 0.00, 4400.00, 1, '2026-03-01 11:41:11', NULL),
(66, 5, 2, 2026, 24, 30, 23, 0, 1, 4, 0, 1333.33, 10000.00, 0.00, 0.00, 0.00, 0.00, 0.00, 0.00, 9000.00, 1, '2026-03-01 11:44:33', NULL),
(67, 6, 2, 2026, 24, 30, 24, 0, 0, 4, 0, 1066.67, 8000.00, 0.00, 0.00, 270.00, 0.00, 0.00, 0.00, 6130.00, 1, '2026-03-01 11:46:21', NULL),
(68, 7, 2, 2026, 24, 30, 24, 0, 0, 4, 0, 1333.33, 10000.00, 0.00, 0.00, 0.00, 0.00, 0.00, 0.00, 9333.33, 1, '2026-03-01 11:47:38', NULL),
(69, 8, 2, 2026, 24, 30, 24, 0, 0, 4, 0, 1200.00, 9000.00, 0.00, 0.00, 0.00, 0.00, 0.00, 0.00, 8400.00, 1, '2026-03-01 11:47:38', NULL),
(70, 9, 2, 2026, 24, 30, 24, 0, 0, 4, 0, 1066.67, 8000.00, 0.00, 0.00, 0.00, 0.00, 0.00, 0.00, 7466.67, 1, '2026-03-01 11:47:38', NULL),
(71, 10, 2, 2026, 24, 30, 24, 0, 0, 4, 0, 800.00, 6000.00, 0.00, 0.00, 1000.00, 0.00, 0.00, 0.00, 3800.00, 1, '2026-03-01 11:47:38', NULL),
(72, 11, 2, 2026, 24, 30, 24, 0, 0, 4, 0, 2000.00, 15000.00, 0.00, 0.00, 0.00, 0.00, 0.00, 0.00, 14000.00, 1, '2026-03-01 11:47:38', NULL),
(73, 12, 2, 2026, 28, 30, 19, 0, 9, 0, 4, 0.00, 9000.00, 0.00, 0.00, 0.00, 0.00, 0.00, 0.00, 5700.00, 1, '2026-03-01 11:47:38', NULL),
(75, 14, 2, 2026, 24, 30, 24, 0, 0, 4, 0, 1066.67, 8000.00, 0.00, 0.00, 0.00, 0.00, 0.00, 0.00, 7466.67, 0, '2026-03-01 11:47:38', NULL),
(76, 15, 2, 2026, 24, 30, 24, 0, 0, 4, 0, 1200.00, 9000.00, 0.00, 0.00, 0.00, 0.00, 0.00, 0.00, 8400.00, 0, '2026-03-01 11:47:38', NULL),
(77, 16, 2, 2026, 24, 30, 24, 0, 0, 4, 0, 2000.00, 15000.00, 0.00, 0.00, 0.00, 0.00, 0.00, 0.00, 14000.00, 0, '2026-03-01 11:47:38', NULL),
(78, 17, 2, 2026, 24, 30, 24, 0, 0, 4, 0, 2000.00, 15000.00, 0.00, 0.00, 0.00, 0.00, 0.00, 0.00, 14000.00, 0, '2026-03-01 11:47:38', NULL),
(79, 18, 2, 2026, 24, 30, 24, 0, 0, 4, 0, 2000.00, 15000.00, 0.00, 0.00, 0.00, 0.00, 0.00, 0.00, 14000.00, 0, '2026-03-01 11:47:38', NULL),
(132, 2, 3, 2026, 31, 30, 25, 0, 1, 5, 0, 0.00, 6000.00, 0.00, 0.00, 0.00, 1000.00, 0.00, 0.00, 4800.00, 0, '2026-04-01 15:16:19', '2026-04-01 15:16:19'),
(133, 4, 3, 2026, 31, 30, 26, 0, 0, 5, 0, 0.00, 8000.00, 0.00, 0.00, 0.00, 0.00, 0.00, 0.00, 8000.00, 0, '2026-04-01 15:16:19', '2026-04-01 15:16:19'),
(134, 5, 3, 2026, 31, 30, 25, 0, 1, 5, 0, 0.00, 10000.00, 0.00, 0.00, 0.00, 0.00, 0.00, 0.00, 9667.00, 0, '2026-04-01 15:16:19', '2026-04-01 15:16:19'),
(135, 6, 3, 2026, 31, 30, 26, 0, 0, 5, 0, 0.00, 8000.00, 0.00, 0.00, 0.00, 500.00, 0.00, 0.00, 7500.00, 0, '2026-04-01 15:16:19', '2026-04-01 15:16:19'),
(136, 7, 3, 2026, 31, 30, 26, 0, 0, 5, 0, 0.00, 10000.00, 0.00, 0.00, 0.00, 1000.00, 0.00, 0.00, 9000.00, 0, '2026-04-01 15:16:19', '2026-04-01 15:16:19'),
(137, 8, 3, 2026, 31, 30, 26, 0, 0, 5, 0, 0.00, 9000.00, 0.00, 0.00, 0.00, 0.00, 0.00, 0.00, 9000.00, 0, '2026-04-01 15:16:19', '2026-04-01 15:16:19'),
(138, 9, 3, 2026, 31, 30, 26, 0, 0, 5, 0, 0.00, 8000.00, 0.00, 0.00, 0.00, 130.00, 0.00, 0.00, 7870.00, 0, '2026-04-01 15:16:19', '2026-04-01 15:16:19'),
(139, 10, 3, 2026, 31, 30, 23, 0, 8, 0, 5, 0.00, 6000.00, 0.00, 0.00, 0.00, 0.00, 0.00, 0.00, 3400.00, 0, '2026-04-01 15:16:19', '2026-04-01 15:16:19'),
(140, 11, 3, 2026, 31, 30, 26, 0, 0, 5, 0, 0.00, 15000.00, 0.00, 0.00, 0.00, 350.00, 0.00, 0.00, 14650.00, 0, '2026-04-01 15:16:19', '2026-04-01 15:16:19'),
(141, 12, 3, 2026, 31, 30, 26, 0, 0, 5, 0, 0.00, 9000.00, 0.00, 0.00, 0.00, 0.00, 0.00, 0.00, 9000.00, 0, '2026-04-01 15:16:19', '2026-04-01 15:16:19'),
(143, 14, 3, 2026, 31, 30, 26, 0, 0, 5, 0, 0.00, 8000.00, 0.00, 0.00, 0.00, 0.00, 0.00, 0.00, 8000.00, 0, '2026-04-01 15:16:19', '2026-04-01 15:16:19'),
(144, 15, 3, 2026, 31, 30, 26, 0, 0, 5, 0, 0.00, 9000.00, 0.00, 0.00, 0.00, 0.00, 0.00, 0.00, 9000.00, 0, '2026-04-01 15:16:19', '2026-04-01 15:16:19'),
(145, 16, 3, 2026, 31, 30, 26, 0, 0, 5, 0, 0.00, 15000.00, 0.00, 0.00, 0.00, 0.00, 0.00, 0.00, 15000.00, 0, '2026-04-01 15:16:19', '2026-04-01 15:16:19'),
(146, 17, 3, 2026, 31, 30, 26, 0, 0, 5, 0, 0.00, 15000.00, 0.00, 0.00, 0.00, 0.00, 0.00, 0.00, 15000.00, 0, '2026-04-01 15:16:19', '2026-04-01 15:16:19'),
(147, 18, 3, 2026, 31, 30, 26, 0, 0, 5, 0, 0.00, 15000.00, 0.00, 0.00, 0.00, 0.00, 0.00, 0.00, 15000.00, 0, '2026-04-01 15:16:19', '2026-04-01 15:16:19'),
(149, 21, 3, 2026, 19, 30, 16, 0, 0, 3, 0, 0.00, 8000.00, 0.00, 0.00, 0.00, 0.00, 2670.00, 0.00, 10670.00, 0, '2026-04-01 20:11:39', '2026-04-01 20:11:39'),
(150, 4, 4, 2026, 30, 30, 27, 0, 0, 3, 0, 0.00, 9000.00, 0.00, 0.00, 1500.00, 0.00, 0.00, 0.00, 7500.00, 0, '2026-05-01 16:29:09', '2026-05-01 16:29:09'),
(151, 5, 4, 2026, 30, 30, 25, 0, 2, 3, 0, 0.00, 11000.00, 0.00, 0.00, 0.00, 0.00, 0.00, 0.00, 10267.00, 0, '2026-05-01 16:35:18', '2026-05-01 16:35:18'),
(152, 6, 4, 2026, 30, 30, 27, 0, 0, 3, 0, 0.00, 8500.00, 0.00, 0.00, 0.00, 0.00, 0.00, 0.00, 8500.00, 0, '2026-05-01 16:52:50', '2026-05-01 16:52:50'),
(153, 7, 4, 2026, 30, 30, 27, 0, 0, 3, 0, 0.00, 12000.00, 0.00, 0.00, 0.00, 0.00, 0.00, 0.00, 12000.00, 0, '2026-05-01 16:53:28', '2026-05-01 16:53:28'),
(154, 8, 4, 2026, 30, 30, 27, 0, 0, 3, 0, 0.00, 10000.00, 0.00, 0.00, 1000.00, 0.00, 0.00, 0.00, 9000.00, 0, '2026-05-01 16:54:06', '2026-05-01 16:54:06'),
(155, 9, 4, 2026, 30, 30, 27, 0, 0, 3, 0, 0.00, 9000.00, 0.00, 0.00, 0.00, 2600.00, 0.00, 0.00, 6400.00, 0, '2026-05-01 16:55:24', '2026-05-01 16:55:24'),
(156, 10, 4, 2026, 30, 30, 27, 0, 0, 3, 0, 0.00, 6500.00, 0.00, 0.00, 0.00, 1000.00, 0.00, 0.00, 5500.00, 0, '2026-05-01 16:56:30', '2026-05-01 16:56:30'),
(157, 12, 4, 2026, 30, 30, 24, 0, 6, 0, 0, 0.00, 9000.00, 0.00, 0.00, 0.00, 100.00, 0.00, 0.00, 7100.00, 0, '2026-05-01 16:59:05', '2026-05-01 16:59:05'),
(158, 14, 4, 2026, 30, 30, 27, 0, 0, 3, 0, 0.00, 8000.00, 0.00, 0.00, 233.00, 0.00, 0.00, 0.00, 7767.00, 0, '2026-05-01 17:01:01', '2026-05-01 17:01:01'),
(159, 11, 4, 2026, 30, 30, 26, 0, 1, 3, 0, 0.00, 15000.00, 0.00, 0.00, 0.00, 0.00, 0.00, 0.00, 14500.00, 0, '2026-05-01 17:01:15', '2026-05-01 17:01:15'),
(161, 18, 4, 2026, 30, 30, 27, 0, 0, 3, 0, 0.00, 15000.00, 0.00, 0.00, 0.00, 0.00, 0.00, 0.00, 15000.00, 0, '2026-05-01 17:02:58', '2026-05-01 17:02:58'),
(162, 15, 4, 2026, 30, 30, 27, 0, 0, 3, 0, 0.00, 10000.00, 0.00, 0.00, 240.00, 0.00, 0.00, 0.00, 9760.00, 0, '2026-05-01 17:03:51', '2026-05-01 17:03:51'),
(163, 17, 4, 2026, 30, 30, 27, 0, 0, 3, 0, 0.00, 15000.00, 0.00, 0.00, 0.00, 0.00, 0.00, 0.00, 15000.00, 0, '2026-05-01 17:04:05', '2026-05-01 17:04:05'),
(164, 16, 4, 2026, 30, 30, 27, 0, 0, 3, 0, 0.00, 15000.00, 0.00, 0.00, 0.00, 0.00, 0.00, 0.00, 15000.00, 0, '2026-05-01 17:04:12', '2026-05-01 17:04:12'),
(165, 2, 4, 2026, 30, 30, 1, 0, 29, 0, 0, 0.00, 6000.00, 0.00, 0.00, 0.00, 0.00, 0.00, 0.00, 200.00, 0, '2026-05-01 17:27:44', '2026-05-01 17:27:44'),
(166, 22, 4, 2026, 27, 30, 24, 0, 0, 3, 0, 0.00, 9000.00, 0.00, 0.00, 0.00, 0.00, 0.00, 3000.00, 5100.00, 1, '2026-05-01 17:54:57', '2026-05-01 17:54:57'),
(167, 23, 4, 2026, 27, 30, 24, 0, 0, 3, 0, 0.00, 9000.00, 0.00, 0.00, 0.00, 0.00, 0.00, 3000.00, 5100.00, 1, '2026-05-01 18:29:51', '2026-05-01 18:29:51'),
(168, 21, 4, 2026, 30, 30, 26, 0, 1, 3, 0, 0.00, 8000.00, 0.00, 0.00, 0.00, 0.00, 0.00, 2667.00, 5066.00, 1, '2026-05-01 18:30:04', '2026-05-01 18:30:04');

-- --------------------------------------------------------

--
-- Table structure for table `settings`
--

CREATE TABLE `settings` (
  `id` int(10) UNSIGNED NOT NULL,
  `setting_name` varchar(100) NOT NULL,
  `setting_value` varchar(255) NOT NULL,
  `created_at` datetime DEFAULT NULL,
  `updated_at` datetime DEFAULT NULL
) ENGINE=InnoDB DEFAULT CHARSET=utf8mb4 COLLATE=utf8mb4_general_ci;

--
-- Dumping data for table `settings`
--

INSERT INTO `settings` (`id`, `setting_name`, `setting_value`, `created_at`, `updated_at`) VALUES
(1, 'payroll_mode', 'monthly', '2026-04-01 07:02:41', '2026-04-01 07:02:41'),
(2, 'monthly_days', '30', '2026-04-01 07:02:41', '2026-04-01 07:02:41'),
(3, 'cafe_name', 'ChayChaupal', '2026-04-26 18:35:10', '2026-05-01 19:36:13'),
(4, 'salary_cycle_type', 'Monthly', '2026-04-26 18:35:10', '2026-04-26 18:35:10'),
(5, 'salary_cycle', '1', '2026-04-26 18:35:10', '2026-04-26 18:35:10'),
(6, 'salary_cycle_weekday', '1', '2026-04-26 18:35:10', '2026-04-26 18:35:10'),
(7, 'weekly_holiday', '0', '2026-04-26 18:35:10', '2026-04-26 18:35:10'),
(8, 'auto_hold_enabled', '1', '2026-04-26 18:35:10', '2026-05-01 18:24:00'),
(9, 'auto_hold_days', '10', '2026-04-26 18:35:10', '2026-05-01 18:24:00'),
(10, 'color_star_badge', '#FFD700', '2026-04-26 18:35:10', '2026-04-26 18:35:10'),
(11, 'color_advance', '#6c5ce7', '2026-04-26 18:35:10', '2026-04-26 18:35:10'),
(12, 'color_deduction', '#d63031', '2026-04-26 18:35:10', '2026-04-26 18:35:10'),
(13, 'business_address', 'Lalganj, Azamgarh, Utter Pradesh-276202', '2026-05-01 19:34:53', '2026-05-01 19:36:13'),
(14, 'business_phone', '+91 9005271986', '2026-05-01 19:34:53', '2026-05-01 19:36:13'),
(15, 'business_email', 'chaychaupal@gmail.com', '2026-05-01 19:34:53', '2026-05-01 19:36:13');

-- --------------------------------------------------------

--
-- Table structure for table `users`
--

CREATE TABLE `users` (
  `id` int(10) UNSIGNED NOT NULL,
  `username` varchar(50) NOT NULL,
  `email` varchar(100) NOT NULL,
  `password` varchar(255) NOT NULL,
  `role` enum('admin','user') DEFAULT 'user',
  `profile_image` varchar(255) DEFAULT NULL,
  `status` enum('active','inactive') DEFAULT 'active',
  `created_at` timestamp NULL DEFAULT NULL,
  `updated_at` timestamp NULL DEFAULT NULL
) ENGINE=InnoDB DEFAULT CHARSET=utf8mb4 COLLATE=utf8mb4_general_ci;

--
-- Dumping data for table `users`
--

INSERT INTO `users` (`id`, `username`, `email`, `password`, `role`, `profile_image`, `status`, `created_at`, `updated_at`) VALUES
(1, 'chaychaupal', 'chaychaupal@gmail.com', '$2y$10$jkGznLWH/ZaylAM6q9VT/Oe/fL/GOpHfM.HwcUdbtSG6kIBVEQKcm', 'admin', '/uploads/profile/1771734872_fc03db34f771bfe42056.jpg', 'active', '2026-02-05 06:47:44', '2026-02-22 10:04:32');

--
-- Indexes for dumped tables
--

--
-- Indexes for table `advances`
--
ALTER TABLE `advances`
  ADD PRIMARY KEY (`id`),
  ADD KEY `idx_advances_employee_date` (`employee_id`,`date`);

--
-- Indexes for table `advance_overtime_fine`
--
ALTER TABLE `advance_overtime_fine`
  ADD PRIMARY KEY (`id`),
  ADD KEY `idx_aof_employee_date` (`employee_id`,`date`);

--
-- Indexes for table `attendance`
--
ALTER TABLE `attendance`
  ADD PRIMARY KEY (`id`),
  ADD UNIQUE KEY `unique_employee_date` (`employee_id`,`date`),
  ADD KEY `idx_status` (`status`);

--
-- Indexes for table `ci_sessions`
--
ALTER TABLE `ci_sessions`
  ADD PRIMARY KEY (`id`),
  ADD KEY `ci_sessions_timestamp` (`timestamp`);

--
-- Indexes for table `employees`
--
ALTER TABLE `employees`
  ADD PRIMARY KEY (`id`),
  ADD KEY `idx_status` (`status`),
  ADD KEY `idx_created_at` (`created_at`);

--
-- Indexes for table `hold_salary`
--
ALTER TABLE `hold_salary`
  ADD PRIMARY KEY (`id`);

--
-- Indexes for table `hold_salary_releases`
--
ALTER TABLE `hold_salary_releases`
  ADD PRIMARY KEY (`id`),
  ADD KEY `idx_hold_salary` (`hold_salary_id`),
  ADD KEY `idx_payroll` (`payroll_id`);

--
-- Indexes for table `migrations`
--
ALTER TABLE `migrations`
  ADD PRIMARY KEY (`id`);

--
-- Indexes for table `payroll`
--
ALTER TABLE `payroll`
  ADD PRIMARY KEY (`id`),
  ADD UNIQUE KEY `unique_employee_month_year` (`employee_id`,`month`,`year`),
  ADD KEY `idx_paid` (`paid`);

--
-- Indexes for table `settings`
--
ALTER TABLE `settings`
  ADD PRIMARY KEY (`id`),
  ADD UNIQUE KEY `setting_name` (`setting_name`);

--
-- Indexes for table `users`
--
ALTER TABLE `users`
  ADD PRIMARY KEY (`id`),
  ADD UNIQUE KEY `username` (`username`),
  ADD UNIQUE KEY `email` (`email`),
  ADD KEY `idx_status` (`status`);

--
-- AUTO_INCREMENT for dumped tables
--

--
-- AUTO_INCREMENT for table `advances`
--
ALTER TABLE `advances`
  MODIFY `id` int(10) UNSIGNED NOT NULL AUTO_INCREMENT;

--
-- AUTO_INCREMENT for table `advance_overtime_fine`
--
ALTER TABLE `advance_overtime_fine`
  MODIFY `id` int(10) UNSIGNED NOT NULL AUTO_INCREMENT, AUTO_INCREMENT=61;

--
-- AUTO_INCREMENT for table `attendance`
--
ALTER TABLE `attendance`
  MODIFY `id` int(10) UNSIGNED NOT NULL AUTO_INCREMENT, AUTO_INCREMENT=1816;

--
-- AUTO_INCREMENT for table `employees`
--
ALTER TABLE `employees`
  MODIFY `id` int(10) UNSIGNED NOT NULL AUTO_INCREMENT, AUTO_INCREMENT=29;

--
-- AUTO_INCREMENT for table `hold_salary`
--
ALTER TABLE `hold_salary`
  MODIFY `id` int(11) UNSIGNED NOT NULL AUTO_INCREMENT, AUTO_INCREMENT=5;

--
-- AUTO_INCREMENT for table `hold_salary_releases`
--
ALTER TABLE `hold_salary_releases`
  MODIFY `id` int(10) UNSIGNED NOT NULL AUTO_INCREMENT;

--
-- AUTO_INCREMENT for table `migrations`
--
ALTER TABLE `migrations`
  MODIFY `id` bigint(20) UNSIGNED NOT NULL AUTO_INCREMENT, AUTO_INCREMENT=13;

--
-- AUTO_INCREMENT for table `payroll`
--
ALTER TABLE `payroll`
  MODIFY `id` int(10) UNSIGNED NOT NULL AUTO_INCREMENT, AUTO_INCREMENT=169;

--
-- AUTO_INCREMENT for table `settings`
--
ALTER TABLE `settings`
  MODIFY `id` int(10) UNSIGNED NOT NULL AUTO_INCREMENT, AUTO_INCREMENT=16;

--
-- AUTO_INCREMENT for table `users`
--
ALTER TABLE `users`
  MODIFY `id` int(10) UNSIGNED NOT NULL AUTO_INCREMENT, AUTO_INCREMENT=2;

--
-- Constraints for dumped tables
--

--
-- Constraints for table `advances`
--
ALTER TABLE `advances`
  ADD CONSTRAINT `fk_advances_employee` FOREIGN KEY (`employee_id`) REFERENCES `employees` (`id`) ON DELETE CASCADE ON UPDATE CASCADE;

--
-- Constraints for table `advance_overtime_fine`
--
ALTER TABLE `advance_overtime_fine`
  ADD CONSTRAINT `fk_aof_employee` FOREIGN KEY (`employee_id`) REFERENCES `employees` (`id`) ON DELETE CASCADE ON UPDATE CASCADE;

--
-- Constraints for table `attendance`
--
ALTER TABLE `attendance`
  ADD CONSTRAINT `fk_attendance_employee` FOREIGN KEY (`employee_id`) REFERENCES `employees` (`id`) ON DELETE CASCADE ON UPDATE CASCADE;

--
-- Constraints for table `hold_salary_releases`
--
ALTER TABLE `hold_salary_releases`
  ADD CONSTRAINT `fk_release_hold` FOREIGN KEY (`hold_salary_id`) REFERENCES `hold_salary` (`id`) ON DELETE CASCADE ON UPDATE CASCADE,
  ADD CONSTRAINT `fk_release_payroll` FOREIGN KEY (`payroll_id`) REFERENCES `payroll` (`id`) ON DELETE CASCADE ON UPDATE CASCADE;

--
-- Constraints for table `payroll`
--
ALTER TABLE `payroll`
  ADD CONSTRAINT `fk_payroll_employee` FOREIGN KEY (`employee_id`) REFERENCES `employees` (`id`) ON DELETE CASCADE ON UPDATE CASCADE;
COMMIT;

/*!40101 SET CHARACTER_SET_CLIENT=@OLD_CHARACTER_SET_CLIENT */;
/*!40101 SET CHARACTER_SET_RESULTS=@OLD_CHARACTER_SET_RESULTS */;
/*!40101 SET COLLATION_CONNECTION=@OLD_COLLATION_CONNECTION */;
